{
  "iteration": 30,
  "acq_function": "BoRisk-KG",
  "acq_value": 1.3386117164014693,
  "parameters": {
    "edgeThresh1": -3.948580381581742,
    "simThresh1": 0.8579800885047437,
    "pixelRatio1": 0.12001987086194342,
    "edgeThresh2": -5.451398608149688,
    "simThresh2": 0.7009683382485102,
    "pixelRatio2": 0.0909934051973258,
    "ransac_weight_q": 8.846152751907123,
    "ransac_weight_qg": 4.306636287884151
  },
  "cvar": 0.6836961971774631,
  "score": 0.4179739521240633,
  "w_idx": 6,
  "image_idx": 45,
  "n_w": 15
}