{
  "iteration": 2,
  "acq_function": "BoRisk-KG",
  "acq_value": 1.4096328212033202,
  "parameters": {
    "edgeThresh1": -18.0332287797441,
    "simThresh1": 0.7118108137019716,
    "pixelRatio1": 0.08757514480782669,
    "edgeThresh2": -20.71714017678239,
    "simThresh2": 0.7448007464811937,
    "pixelRatio2": 0.09463541042234352,
    "ransac_weight_q": 4.366285300989585,
    "ransac_weight_qg": 17.82040561915782
  },
  "cvar": 0.562963822797061,
  "score": 0.24616703610590904,
  "w_idx": 14,
  "image_idx": 1,
  "n_w": 15
}