{
  "iteration": 7,
  "acq_function": "BoRisk-KG",
  "acq_value": 1.2733432297010678,
  "parameters": {
    "edgeThresh1": -21.16413073266769,
    "simThresh1": 0.5578522200233539,
    "pixelRatio1": 0.01748215207436298,
    "edgeThresh2": -13.19853021587362,
    "simThresh2": 0.7087938895504923,
    "pixelRatio2": 0.06189520156847829,
    "ransac_weight_q": 13.807255737279881,
    "ransac_weight_qg": 6.220164604017915
  },
  "cvar": 0.6152167186381675,
  "score": 0.40200411354105164,
  "w_idx": 0,
  "image_idx": 77,
  "n_w": 15
}