{
  "iteration": 43,
  "acq_function": "BoRisk-KG",
  "acq_value": 1.326059056081776,
  "parameters": {
    "edgeThresh1": -4.517986609588117,
    "simThresh1": 0.5194852140320647,
    "pixelRatio1": 0.13588447663816058,
    "edgeThresh2": -11.097722832142855,
    "simThresh2": 0.7094128696585065,
    "pixelRatio2": 0.11451152443693413,
    "ransac_weight_q": 14.211677306353216,
    "ransac_weight_qg": 4.634165378270945
  },
  "cvar": 0.6860322016515603,
  "score": 0.42219921769715124,
  "w_idx": 3,
  "image_idx": 31,
  "n_w": 15
}