{
  "iteration": 39,
  "acq_function": "BoRisk-KG",
  "acq_value": 1.1918121566187219,
  "parameters": {
    "edgeThresh1": -3.961021060407983,
    "simThresh1": 0.5701984725680982,
    "pixelRatio1": 0.06792300017229683,
    "edgeThresh2": -11.455917916460765,
    "simThresh2": 0.7136075438295154,
    "pixelRatio2": 0.05438387293438478,
    "ransac_weight_q": 18.72318757756632,
    "ransac_weight_qg": 9.728779519310336
  },
  "cvar": 0.67947727786509,
  "score": 0.4264932863878652,
  "w_idx": 2,
  "image_idx": 98,
  "n_w": 15
}