{
  "iteration": 29,
  "acq_function": "BoRisk-KG",
  "acq_value": 1.1785721145341108,
  "parameters": {
    "edgeThresh1": 0.060261945885301316,
    "simThresh1": 0.87671841012314,
    "pixelRatio1": 0.011826790338173977,
    "edgeThresh2": 3.5637520959076596,
    "simThresh2": 0.8053655773166872,
    "pixelRatio2": 0.08068457726528179,
    "ransac_weight_q": 5.633111344022501,
    "ransac_weight_qg": 19.802297973040204
  },
  "cvar": 0.6825725169183758,
  "score": 0.27564327315106807,
  "w_idx": 3,
  "image_idx": 106,
  "n_w": 15
}