{
  "iteration": 9,
  "acq_function": "BoRisk-KG",
  "acq_value": 1.1338406281021616,
  "parameters": {
    "edgeThresh1": 6.586804004024977,
    "simThresh1": 0.5685360083179092,
    "pixelRatio1": 0.11246084738470741,
    "edgeThresh2": -9.71793338133365,
    "simThresh2": 0.551195572182506,
    "pixelRatio2": 0.14854804778558828,
    "ransac_weight_q": 11.640893988371761,
    "ransac_weight_qg": 19.337603844876604
  },
  "cvar": 0.9072186079263023,
  "score": 0.8279999999999998,
  "w_idx": 7,
  "image_idx": 93,
  "n_w": 15
}