{
  "iteration": 14,
  "acq_function": "BoRisk-KG",
  "acq_value": 1.1524752399535472,
  "parameters": {
    "edgeThresh1": 4.205734838995383,
    "simThresh1": 0.5417430871686287,
    "pixelRatio1": 0.13264854880148405,
    "edgeThresh2": 3.50211943179675,
    "simThresh2": 0.8782791082263102,
    "pixelRatio2": 0.015866852702483742,
    "ransac_weight_q": 12.485535024158304,
    "ransac_weight_qg": 1.6971665948342611
  },
  "cvar": 0.9080187500431598,
  "score": 0.8320000000000001,
  "w_idx": 6,
  "image_idx": 99,
  "n_w": 15
}