{
  "iteration": 13,
  "acq_function": "BoRisk-KG",
  "acq_value": 1.100842942623593,
  "parameters": {
    "edgeThresh1": 0.25562553580536473,
    "simThresh1": 0.523065312056746,
    "pixelRatio1": 0.04187813415066805,
    "edgeThresh2": -10.313265451290588,
    "simThresh2": 0.7916181206751701,
    "pixelRatio2": 0.02077602845373549,
    "ransac_weight_q": 12.53156741253787,
    "ransac_weight_qg": 10.553053404124439
  },
  "cvar": 0.9095043290850882,
  "score": 1.0,
  "w_idx": 5,
  "image_idx": 20,
  "n_w": 15
}