{
  "iteration": 3,
  "acq_function": "BoRisk-KG",
  "acq_value": 1.092199460120408,
  "parameters": {
    "edgeThresh1": -11.016870702664027,
    "simThresh1": 0.5003489467948724,
    "pixelRatio1": 0.10985072137314815,
    "edgeThresh2": -22.63501249184419,
    "simThresh2": 0.8500593998700499,
    "pixelRatio2": 0.022839261356292915,
    "ransac_weight_q": 12.259369040996024,
    "ransac_weight_qg": 3.634621356777097
  },
  "cvar": 0.8972332181728235,
  "score": 1.0,
  "w_idx": 12,
  "image_idx": 45,
  "n_w": 15
}