{
  "iteration": 7,
  "acq_function": "BoRisk-KG",
  "acq_value": 1.1785857575000769,
  "parameters": {
    "edgeThresh1": -21.645516370808583,
    "simThresh1": 0.6904426298562056,
    "pixelRatio1": 0.034538947356578024,
    "edgeThresh2": -8.942729258129525,
    "simThresh2": 0.939980117065721,
    "pixelRatio2": 0.0140894437506398,
    "ransac_weight_q": 11.912729828062659,
    "ransac_weight_qg": 17.471035447990722
  },
  "cvar": 0.9076636669394704,
  "score": 0.8320000000000001,
  "w_idx": 13,
  "image_idx": 16,
  "n_w": 15
}