{
  "iteration": 22,
  "acq_function": "BoRisk-KG",
  "acq_value": 1.3396111906902601,
  "parameters": {
    "edgeThresh1": 4.18768194149224,
    "simThresh1": 0.7186733881825293,
    "pixelRatio1": 0.0773177720118688,
    "edgeThresh2": -20.966808324369755,
    "simThresh2": 0.9176560382439917,
    "pixelRatio2": 0.05269702354019771,
    "ransac_weight_q": 2.627699321843825,
    "ransac_weight_qg": 7.504910879259702
  },
  "cvar": 0.5035296783560662,
  "score": 0.6060132483943109,
  "w_idx": 11,
  "image_idx": 7,
  "n_w": 15
}