{
  "iteration": 33,
  "acq_function": "BoRisk-KG",
  "acq_value": 1.2451738600190776,
  "parameters": {
    "edgeThresh1": -9.644724919149539,
    "simThresh1": 0.680709781384619,
    "pixelRatio1": 0.11778267933644022,
    "edgeThresh2": 6.0348130419160775,
    "simThresh2": 0.7273054084000696,
    "pixelRatio2": 0.14550055287816618,
    "ransac_weight_q": 6.543509192650919,
    "ransac_weight_qg": 19.218408522451305
  },
  "cvar": 0.5285774888340804,
  "score": 0.8492847455404219,
  "w_idx": 7,
  "image_idx": 82,
  "n_w": 15
}