{
  "iteration": 19,
  "acq_function": "BoRisk-KG",
  "acq_value": 1.1581615678952004,
  "parameters": {
    "edgeThresh1": -7.895610563381945,
    "simThresh1": 0.5258558497829684,
    "pixelRatio1": 0.02726653919943161,
    "edgeThresh2": -2.6429044509294357,
    "simThresh2": 0.8443207800818316,
    "pixelRatio2": 0.14557801787971364,
    "ransac_weight_q": 4.6897171233541615,
    "ransac_weight_qg": 1.9697843425256591
  },
  "cvar": 0.49664831065483483,
  "score": 0.5223274629213966,
  "w_idx": 9,
  "image_idx": 67,
  "n_w": 15
}