{
  "iteration": 1,
  "acq_function": "BoRisk-KG",
  "acq_value": 1.245025946177761,
  "parameters": {
    "edgeThresh1": -6.953468072852733,
    "simThresh1": 0.796518693385391,
    "pixelRatio1": 0.12647449334909372,
    "edgeThresh2": -3.946208559951476,
    "simThresh2": 0.7043305409138719,
    "pixelRatio2": 0.012158836003483404,
    "ransac_weight_q": 11.010244151034705,
    "ransac_weight_qg": 10.367764601264607
  },
  "cvar": 0.5114039591100527,
  "score": 0.5997303519381475,
  "w_idx": 8,
  "image_idx": 9,
  "n_w": 15
}