{
  "iteration": 41,
  "acq_function": "BoRisk-KG",
  "acq_value": 1.307802679496501,
  "parameters": {
    "edgeThresh1": 2.0901259555651244,
    "simThresh1": 0.8594118404019293,
    "pixelRatio1": 0.07728667953188799,
    "edgeThresh2": -4.918964474508837,
    "simThresh2": 0.98233691899943,
    "pixelRatio2": 0.010738547811913503,
    "ransac_weight_q": 8.304264863097343,
    "ransac_weight_qg": 15.908760292761757
  },
  "cvar": 0.5071858344916842,
  "score": 0.8582401481204304,
  "w_idx": 0,
  "image_idx": 89,
  "n_w": 15
}