{
  "iteration": 27,
  "acq_function": "BoRisk-KG",
  "acq_value": 1.3677715404430846,
  "parameters": {
    "edgeThresh1": -10.094528490598075,
    "simThresh1": 0.5079325804987298,
    "pixelRatio1": 0.10276718079693611,
    "edgeThresh2": -17.91356089875474,
    "simThresh2": 0.7979145085367376,
    "pixelRatio2": 0.04812351885111836,
    "ransac_weight_q": 9.185344880022782,
    "ransac_weight_qg": 1.09882915720086
  },
  "cvar": 0.5052831818125497,
  "score": 0.40207316772656604,
  "w_idx": 4,
  "image_idx": 46,
  "n_w": 15
}