{
  "iteration": 24,
  "acq_function": "BoRisk-KG",
  "acq_value": 0.7407110150393356,
  "parameters": {
    "edgeThresh1": 0.8487673972964984,
    "simThresh1": 0.7362720073703424,
    "pixelRatio1": 0.03970563310986699,
    "edgeThresh2": -15.42535889779274,
    "simThresh2": 0.7573769057308557,
    "pixelRatio2": 0.0797500080574395,
    "ransac_weight_q": 6.253498198619538,
    "ransac_weight_qg": 11.138569176184326
  },
  "cvar": 0.7110422347958869,
  "score": 0.8675172732384815,
  "w_idx": 3,
  "image_idx": 39,
  "n_w": 15
}