{
  "iteration": 47,
  "acq_function": "BoRisk-KG",
  "acq_value": 0.7153943186537162,
  "parameters": {
    "edgeThresh1": -15.246759905381204,
    "simThresh1": 0.6600942511419747,
    "pixelRatio1": 0.10327180001750876,
    "edgeThresh2": -6.774633446012444,
    "simThresh2": 0.6755770257943384,
    "pixelRatio2": 0.14270473270169598,
    "ransac_weight_q": 18.116962463706628,
    "ransac_weight_qg": 7.412469536374018
  },
  "cvar": 0.7054348994613336,
  "score": 0.22440046491865615,
  "w_idx": 14,
  "image_idx": 470,
  "n_w": 15
}