{
  "iteration": 57,
  "acq_function": "BoRisk-KG",
  "acq_value": 0.6966229113769988,
  "parameters": {
    "edgeThresh1": -8.144388323673427,
    "simThresh1": 0.7113107611022393,
    "pixelRatio1": 0.051995620070937804,
    "edgeThresh2": -5.743149042668168,
    "simThresh2": 0.6363835545012773,
    "pixelRatio2": 0.0356444179714646,
    "ransac_weight_q": 8.928821513442298,
    "ransac_weight_qg": 8.645612886839814
  },
  "cvar": 0.7026241632229648,
  "score": 0.0,
  "w_idx": 0,
  "image_idx": 85,
  "n_w": 15
}