{
  "iteration": 33,
  "acq_function": "BoRisk-KG",
  "acq_value": 0.7072580760714879,
  "parameters": {
    "edgeThresh1": -9.181516927468678,
    "simThresh1": 0.68309881107304,
    "pixelRatio1": 0.1291441340388113,
    "edgeThresh2": -12.23656550044518,
    "simThresh2": 0.6040842443016794,
    "pixelRatio2": 0.0851674970106841,
    "ransac_weight_q": 8.463829361333552,
    "ransac_weight_qg": 9.696146491951241
  },
  "cvar": 0.7062367788585249,
  "score": 0.8584383436095107,
  "w_idx": 7,
  "image_idx": 289,
  "n_w": 15
}