{
  "iteration": 17,
  "acq_function": "BoRisk-KG",
  "acq_value": 0.789129004865748,
  "parameters": {
    "edgeThresh1": 2.397107563855343,
    "simThresh1": 0.8140383001467,
    "pixelRatio1": 0.12342527713247897,
    "edgeThresh2": -1.8763695908715903,
    "simThresh2": 0.5325329189970642,
    "pixelRatio2": 0.010256180521052186,
    "ransac_weight_q": 19.247839715297832,
    "ransac_weight_qg": 4.637482745287704
  },
  "cvar": 0.708549920513939,
  "score": 0.9062590860866959,
  "w_idx": 1,
  "image_idx": 505,
  "n_w": 15
}