{
  "iteration": 40,
  "acq_function": "BoRisk-KG",
  "acq_value": 0.7196283023587631,
  "parameters": {
    "edgeThresh1": -6.224218575914556,
    "simThresh1": 0.6812885089927746,
    "pixelRatio1": 0.13949841393750778,
    "edgeThresh2": -3.4811761940605876,
    "simThresh2": 0.788762383420553,
    "pixelRatio2": 0.09921985067496868,
    "ransac_weight_q": 12.046838066011812,
    "ransac_weight_qg": 14.547867054579372
  },
  "cvar": 0.7040274958084657,
  "score": 0.6463064420533828,
  "w_idx": 4,
  "image_idx": 311,
  "n_w": 15
}