{
  "iteration": 9,
  "acq_function": "BoRisk-KG",
  "acq_value": 0.7701021324123077,
  "parameters": {
    "edgeThresh1": -16.368294480002106,
    "simThresh1": 0.5159094307674,
    "pixelRatio1": 0.020454327412988676,
    "edgeThresh2": -14.820560535307203,
    "simThresh2": 0.7334678422896364,
    "pixelRatio2": 0.01598703547549398,
    "ransac_weight_q": 8.341907929968901,
    "ransac_weight_qg": 11.934137404124824
  },
  "cvar": 0.69442713887187,
  "score": 0.9003483091278496,
  "w_idx": 1,
  "image_idx": 114,
  "n_w": 15
}