{
  "iteration": 93,
  "acq_function": "BoRisk-KG",
  "acq_value": 0.8913528110908882,
  "parameters": {
    "edgeThresh1": -13.589372292361432,
    "simThresh1": 0.613562124455789,
    "pixelRatio1": 0.050081669694842415,
    "edgeThresh2": 6.528986108744206,
    "simThresh2": 0.5198873452367685,
    "pixelRatio2": 0.09105475914149463,
    "ransac_weight_q": 14.09267139570219,
    "ransac_weight_qg": 12.31201265623189
  },
  "cvar": 0.40026208910503536,
  "score": 0.6413209215163994,
  "w_idx": 13,
  "image_idx": 311,
  "n_w": 15
}