{
  "iteration": 46,
  "acq_function": "BoRisk-KG",
  "acq_value": 0.7250164961919332,
  "parameters": {
    "edgeThresh1": -10.896583793875736,
    "simThresh1": 0.6625966801491233,
    "pixelRatio1": 0.11261485299263263,
    "edgeThresh2": -12.107068135024084,
    "simThresh2": 0.6526679737523938,
    "pixelRatio2": 0.1420581356734036,
    "ransac_weight_q": 14.158704966507058,
    "ransac_weight_qg": 3.468488012795413
  },
  "cvar": 0.7093677343869951,
  "score": 0.7942859247234346,
  "w_idx": 12,
  "image_idx": 170,
  "n_w": 15
}