{
  "iteration": 98,
  "acq_function": "BoRisk-KG",
  "acq_value": 0.7416450174590508,
  "parameters": {
    "edgeThresh1": -20.29120615417174,
    "simThresh1": 0.8509722944699101,
    "pixelRatio1": 0.11450128103550021,
    "edgeThresh2": -2.6258610614116975,
    "simThresh2": 0.7865861079285693,
    "pixelRatio2": 0.07510762334727157,
    "ransac_weight_q": 15.993773443110356,
    "ransac_weight_qg": 2.6361978738577196
  },
  "cvar": 0.4132343904488396,
  "score": 0.9021560086910825,
  "w_idx": 2,
  "image_idx": 505,
  "n_w": 15
}