{
  "iteration": 34,
  "acq_function": "BoRisk-KG",
  "acq_value": 0.7830082624660258,
  "parameters": {
    "edgeThresh1": -14.464480529896264,
    "simThresh1": 0.8758656830457017,
    "pixelRatio1": 0.1268981043581138,
    "edgeThresh2": -1.9583333986799296,
    "simThresh2": 0.8636753365725282,
    "pixelRatio2": 0.12281335404021622,
    "ransac_weight_q": 15.789689900232874,
    "ransac_weight_qg": 3.682032582288895
  },
  "cvar": 0.7075897678758964,
  "score": 0.8579464346245719,
  "w_idx": 10,
  "image_idx": 493,
  "n_w": 15
}