{
  "iteration": 12,
  "acq_function": "BoRisk-KG",
  "acq_value": 0.7271186486507595,
  "parameters": {
    "edgeThresh1": -22.597372612592153,
    "simThresh1": 0.7551952374371977,
    "pixelRatio1": 0.04058324518180384,
    "edgeThresh2": -7.920529461969815,
    "simThresh2": 0.9712330985812294,
    "pixelRatio2": 0.0962034839186529,
    "ransac_weight_q": 1.0196424886280304,
    "ransac_weight_qg": 16.611664055894508
  },
  "cvar": 0.7002939168883846,
  "score": 0.8646384702955855,
  "w_idx": 4,
  "image_idx": 505,
  "n_w": 15
}