{
  "iteration": 23,
  "acq_function": "BoRisk-KG",
  "acq_value": 0.784199230482808,
  "parameters": {
    "edgeThresh1": -16.09138337055589,
    "simThresh1": 0.8193586526932424,
    "pixelRatio1": 0.12796379657812257,
    "edgeThresh2": 3.930467255827949,
    "simThresh2": 0.8221223973121828,
    "pixelRatio2": 0.11490231400449069,
    "ransac_weight_q": 2.7079034297438342,
    "ransac_weight_qg": 6.258761727534216
  },
  "cvar": 0.7094775811679299,
  "score": 0.8724484637412712,
  "w_idx": 7,
  "image_idx": 505,
  "n_w": 15
}