{
  "iteration": 22,
  "acq_function": "BoRisk-KG",
  "acq_value": 0.7724351191496008,
  "parameters": {
    "edgeThresh1": -6.210601687208754,
    "simThresh1": 0.9444590838491558,
    "pixelRatio1": 0.01951880969722247,
    "edgeThresh2": -7.891691560994628,
    "simThresh2": 0.8217006535010021,
    "pixelRatio2": 0.07391125108758574,
    "ransac_weight_q": 4.919610665072597,
    "ransac_weight_qg": 19.835490592607982
  },
  "cvar": 0.7078599082063197,
  "score": 0.0,
  "w_idx": 5,
  "image_idx": 85,
  "n_w": 15
}