{
  "iteration": 99,
  "acq_function": "BoRisk-KG",
  "acq_value": 0.9007274794467539,
  "parameters": {
    "edgeThresh1": -9.753527693356297,
    "simThresh1": 0.9174569615092332,
    "pixelRatio1": 0.0355005375788342,
    "edgeThresh2": -11.245465942267739,
    "simThresh2": 0.5823575202557363,
    "pixelRatio2": 0.02616169869704453,
    "ransac_weight_q": 1.924313934894314,
    "ransac_weight_qg": 10.87081206460546
  },
  "cvar": 0.42106094040578756,
  "score": 0.8557114107012197,
  "w_idx": 2,
  "image_idx": 221,
  "n_w": 15
}