{
  "iteration": 71,
  "acq_function": "BoRisk-KG",
  "acq_value": 0.7451680802746243,
  "parameters": {
    "edgeThresh1": -10.983659712805,
    "simThresh1": 0.8659347447828583,
    "pixelRatio1": 0.018600097157186697,
    "edgeThresh2": -8.043799794515017,
    "simThresh2": 0.7782147916053533,
    "pixelRatio2": 0.08777397075192224,
    "ransac_weight_q": 13.523159832894686,
    "ransac_weight_qg": 16.95937425309276
  },
  "cvar": 0.7100095740740195,
  "score": 0.9023826717181044,
  "w_idx": 3,
  "image_idx": 419,
  "n_w": 15
}