{
  "iteration": 53,
  "acq_function": "BoRisk-KG",
  "acq_value": 0.7295010708870637,
  "parameters": {
    "edgeThresh1": -20.455831444015118,
    "simThresh1": 0.9318898288732373,
    "pixelRatio1": 0.03537768300714738,
    "edgeThresh2": 6.583329201938909,
    "simThresh2": 0.8869284438150358,
    "pixelRatio2": 0.01528068493842335,
    "ransac_weight_q": 12.550199853281875,
    "ransac_weight_qg": 5.820761677755172
  },
  "cvar": 0.7107731877291203,
  "score": 0.6826558384814965,
  "w_idx": 10,
  "image_idx": 8,
  "n_w": 15
}