{
  "iteration": 89,
  "acq_function": "BoRisk-KG",
  "acq_value": 0.16876973548258117,
  "parameters": {
    "edgeThresh1": 2.658067211174078,
    "simThresh1": 0.6768621584311332,
    "pixelRatio1": 0.043130066693127855,
    "edgeThresh2": -10.420849603113876,
    "simThresh2": 0.8237309750565752,
    "pixelRatio2": 0.11017788999506302,
    "ransac_weight_q": 5.114088960924435,
    "ransac_weight_qg": 1.659373511849411
  },
  "cvar": 0.5295846009172507,
  "score": 0.9282968133032952,
  "w_idx": 12,
  "image_idx": 43,
  "n_w": 20
}