{
  "iteration": 69,
  "acq_function": "BoRisk-KG",
  "acq_value": 0.1499102617336915,
  "parameters": {
    "edgeThresh1": -19.437187074129753,
    "simThresh1": 0.8454391844790893,
    "pixelRatio1": 0.06922346684958317,
    "edgeThresh2": 2.7543767015271214,
    "simThresh2": 0.8513970533727584,
    "pixelRatio2": 0.10012971339352159,
    "ransac_weight_q": 1.6358007609667646,
    "ransac_weight_qg": 9.61277625730848
  },
  "cvar": 0.7545980654986859,
  "score": 0.7063450156866975,
  "w_idx": 11,
  "image_idx": 484,
  "n_w": 20
}