{
  "iteration": 34,
  "acq_function": "BoRisk-KG",
  "acq_value": 0.13255738165350756,
  "parameters": {
    "edgeThresh1": 0.8580536675901094,
    "simThresh1": 0.7692016419421257,
    "pixelRatio1": 0.08501035665771321,
    "edgeThresh2": -2.6944658792146328,
    "simThresh2": 0.8719449732620985,
    "pixelRatio2": 0.10935578977984804,
    "ransac_weight_q": 2.940235236736694,
    "ransac_weight_qg": 5.928705396449151
  },
  "cvar": 0.7334362932758706,
  "score": 0.845357766388934,
  "w_idx": 4,
  "image_idx": 526,
  "n_w": 15
}