{
  "iteration": 33,
  "acq_function": "BoRisk-KG",
  "acq_value": 0.13537964566714952,
  "parameters": {
    "edgeThresh1": -22.393919701531782,
    "simThresh1": 0.6586120539521736,
    "pixelRatio1": 0.11331371870267494,
    "edgeThresh2": -9.590571953326018,
    "simThresh2": 0.5839735948894008,
    "pixelRatio2": 0.13830788365933358,
    "ransac_weight_q": 11.37159896517792,
    "ransac_weight_qg": 1.109783564915666
  },
  "cvar": 0.7326671513706924,
  "score": 0.8903254191739365,
  "w_idx": 4,
  "image_idx": 481,
  "n_w": 15
}