{
  "iteration": 84,
  "acq_function": "BoRisk-KG",
  "acq_value": 0.17760739951124596,
  "parameters": {
    "edgeThresh1": 0.1445223400404707,
    "simThresh1": 0.8524263293871004,
    "pixelRatio1": 0.01343987744991612,
    "edgeThresh2": -13.366867926373505,
    "simThresh2": 0.5287342448207438,
    "pixelRatio2": 0.0401137184580158,
    "ransac_weight_q": 3.07968206925657,
    "ransac_weight_qg": 16.585048187277494
  },
  "cvar": 0.7651327722123471,
  "score": 0.9205157140378373,
  "w_idx": 6,
  "image_idx": 37,
  "n_w": 20
}