{
  "iteration": 47,
  "acq_function": "BoRisk-KG",
  "acq_value": 0.1633080450807149,
  "parameters": {
    "edgeThresh1": 6.16848674799175,
    "simThresh1": 0.7255874370343567,
    "pixelRatio1": 0.042823316412749404,
    "edgeThresh2": -14.426310700553616,
    "simThresh2": 0.5922096622224776,
    "pixelRatio2": 0.032693688219921954,
    "ransac_weight_q": 7.86345878853255,
    "ransac_weight_qg": 7.165673831265441
  },
  "cvar": 0.7452495985484495,
  "score": 0.887522513359878,
  "w_idx": 1,
  "image_idx": 279,
  "n_w": 15
}