{
  "iteration": 9,
  "acq_function": "BoRisk-KG",
  "acq_value": 0.7882461447558574,
  "parameters": {
    "edgeThresh1": -6.713702561573335,
    "simThresh1": 0.7831580804125581,
    "pixelRatio1": 0.05062399047314198,
    "edgeThresh2": -13.245213108502128,
    "simThresh2": 0.8449703800467154,
    "pixelRatio2": 0.05494443036623056,
    "ransac_weight_q": 17.09334542694537,
    "ransac_weight_qg": 6.069884263925412
  },
  "cvar": 0.7066815898360974,
  "score": 0.6448434786087905,
  "w_idx": 6,
  "image_idx": 583,
  "n_w": 15
}