{
  "iteration": 82,
  "acq_function": "BoRisk-KG",
  "acq_value": 0.22096242745656697,
  "parameters": {
    "edgeThresh1": -10.28970394064608,
    "simThresh1": 0.9211740046409643,
    "pixelRatio1": 0.03358896724896547,
    "edgeThresh2": 3.2130211826104507,
    "simThresh2": 0.7736814464168675,
    "pixelRatio2": 0.095563272193888,
    "ransac_weight_q": 18.27088318278554,
    "ransac_weight_qg": 1.3587565000115387
  },
  "cvar": 0.7639560215362395,
  "score": 0.8699780886179797,
  "w_idx": 12,
  "image_idx": 633,
  "n_w": 20
}