{
  "iteration": 88,
  "acq_function": "BoRisk-KG",
  "acq_value": 0.171035597621286,
  "parameters": {
    "edgeThresh1": 1.8848249013021814,
    "simThresh1": 0.7057740237856202,
    "pixelRatio1": 0.04308840404200344,
    "edgeThresh2": -12.226387708222044,
    "simThresh2": 0.5064966454843475,
    "pixelRatio2": 0.08413569610163239,
    "ransac_weight_q": 15.717013600076381,
    "ransac_weight_qg": 15.85174810677031
  },
  "cvar": 0.530177181143277,
  "score": 0.8992885394941905,
  "w_idx": 11,
  "image_idx": 37,
  "n_w": 20
}