{
  "iteration": 85,
  "acq_function": "BoRisk-KG",
  "acq_value": 0.200734870583821,
  "parameters": {
    "edgeThresh1": -21.76947984414387,
    "simThresh1": 0.759781591641802,
    "pixelRatio1": 0.08141785449206843,
    "edgeThresh2": -2.7974650890980612,
    "simThresh2": 0.7568271846590183,
    "pixelRatio2": 0.14749909102399156,
    "ransac_weight_q": 18.67957128331525,
    "ransac_weight_qg": 15.681971305855237
  },
  "cvar": 0.5811112605125797,
  "score": 0.8830405964911783,
  "w_idx": 17,
  "image_idx": 37,
  "n_w": 20
}