{
  "iteration": 86,
  "acq_function": "BoRisk-KG",
  "acq_value": 0.18320118011962444,
  "parameters": {
    "edgeThresh1": -16.704382721076453,
    "simThresh1": 0.8063052322254189,
    "pixelRatio1": 0.044758967012452064,
    "edgeThresh2": -19.110381273382544,
    "simThresh2": 0.9194106255304078,
    "pixelRatio2": 0.09929220558446569,
    "ransac_weight_q": 11.662891165598646,
    "ransac_weight_qg": 5.1861596348060335
  },
  "cvar": 0.7664363085183206,
  "score": 0.90559845985268,
  "w_idx": 5,
  "image_idx": 37,
  "n_w": 20
}