{
  "iteration": 81,
  "acq_function": "BoRisk-KG",
  "acq_value": 0.2559364685477319,
  "parameters": {
    "edgeThresh1": 1.368645773035734,
    "simThresh1": 0.6416737987596951,
    "pixelRatio1": 0.126210390901508,
    "edgeThresh2": 0.378130972928691,
    "simThresh2": 0.9820570431065979,
    "pixelRatio2": 0.09938897467559744,
    "ransac_weight_q": 1.6796068160176991,
    "ransac_weight_qg": 5.344426402071596
  },
  "cvar": 0.5303737264711823,
  "score": 0.9171016011524248,
  "w_idx": 13,
  "image_idx": 481,
  "n_w": 20
}