{
  "iteration": 30,
  "acq_function": "BoRisk-KG",
  "acq_value": 0.8789296445927361,
  "parameters": {
    "edgeThresh1": -11.3258993875944,
    "simThresh1": 0.6914931063236924,
    "pixelRatio1": 0.08823611262455744,
    "edgeThresh2": -18.933856866699255,
    "simThresh2": 0.9604454370688715,
    "pixelRatio2": 0.0824953487786292,
    "ransac_weight_q": 3.663873842316632,
    "ransac_weight_qg": 19.03865063951212
  },
  "cvar": 0.7250320492213893,
  "score": 0.8524454755612109,
  "w_idx": 5,
  "image_idx": 38,
  "n_w": 15
}