{
  "iteration": 1,
  "acq_function": "BoRisk-KG",
  "acq_value": 0.7813454158784552,
  "parameters": {
    "edgeThresh1": -19.104448290463804,
    "simThresh1": 0.6283446696379243,
    "pixelRatio1": 0.12401335065042834,
    "edgeThresh2": -6.654116551265908,
    "simThresh2": 0.5389652962523424,
    "pixelRatio2": 0.06966558569567531,
    "ransac_weight_q": 11.487862903937742,
    "ransac_weight_qg": 9.471949600025477
  },
  "cvar": 0.6789647252647111,
  "score": 0.9037000154638606,
  "w_idx": 5,
  "image_idx": 37,
  "n_w": 15
}