{
  "iteration": 22,
  "acq_function": "BoRisk-KG",
  "acq_value": 0.8068059764069724,
  "parameters": {
    "edgeThresh1": -11.82350427950101,
    "simThresh1": 0.5686013977516803,
    "pixelRatio1": 0.029206397121051345,
    "edgeThresh2": -2.5946731517683226,
    "simThresh2": 0.9099983023814902,
    "pixelRatio2": 0.07049117112795691,
    "ransac_weight_q": 2.961939187309782,
    "ransac_weight_qg": 12.183648673035082
  },
  "cvar": 0.7182947377161819,
  "score": 0.7773703663669036,
  "w_idx": 2,
  "image_idx": 88,
  "n_w": 15
}