{
  "iteration": 28,
  "acq_function": "BoRisk-KG",
  "acq_value": 0.9159662302463267,
  "parameters": {
    "edgeThresh1": -10.249778985868584,
    "simThresh1": 0.5418936172678313,
    "pixelRatio1": 0.10777245155873891,
    "edgeThresh2": -12.946074693870996,
    "simThresh2": 0.5256716350463747,
    "pixelRatio2": 0.06005288512809203,
    "ransac_weight_q": 5.223515911376671,
    "ransac_weight_qg": 8.04164826338467
  },
  "cvar": 0.7224547682933746,
  "score": 0.8793427728783244,
  "w_idx": 10,
  "image_idx": 52,
  "n_w": 15
}