{
  "iteration": 15,
  "acq_function": "BoRisk-KG",
  "acq_value": 0.9775412315661076,
  "parameters": {
    "edgeThresh1": -12.190449989446527,
    "simThresh1": 0.9659276147101297,
    "pixelRatio1": 0.08450029782059014,
    "edgeThresh2": -4.521266991156679,
    "simThresh2": 0.5923273579441195,
    "pixelRatio2": 0.06762054191802544,
    "ransac_weight_q": 15.079191756883361,
    "ransac_weight_qg": 13.174783938740081
  },
  "cvar": 0.7035567953133398,
  "score": 0.8861336731770183,
  "w_idx": 11,
  "image_idx": 48,
  "n_w": 15
}