{
  "iteration": 5,
  "acq_function": "BoRisk-KG",
  "acq_value": 0.7701509508978305,
  "parameters": {
    "edgeThresh1": -3.1291671490290796,
    "simThresh1": 0.9293479012618602,
    "pixelRatio1": 0.03895214516979564,
    "edgeThresh2": -19.74285724123635,
    "simThresh2": 0.88549979474652,
    "pixelRatio2": 0.1003146557693486,
    "ransac_weight_q": 16.5844718187196,
    "ransac_weight_qg": 12.411390641910971
  },
  "cvar": 0.692150916968787,
  "score": 0.8985766962895115,
  "w_idx": 10,
  "image_idx": 51,
  "n_w": 15
}