{
  "iteration": 11,
  "acq_function": "BoRisk-KG",
  "acq_value": 0.8088957682043972,
  "parameters": {
    "edgeThresh1": -12.372824609279286,
    "simThresh1": 0.5842154072314416,
    "pixelRatio1": 0.042197223339262464,
    "edgeThresh2": -18.50167516985939,
    "simThresh2": 0.5828570796127094,
    "pixelRatio2": 0.0647026965181104,
    "ransac_weight_q": 6.608590199658125,
    "ransac_weight_qg": 13.60607163739135
  },
  "cvar": 0.6914837452988498,
  "score": 0.0,
  "w_idx": 2,
  "image_idx": 301,
  "n_w": 15
}