{
  "iteration": 14,
  "acq_function": "BoRisk-KG",
  "acq_value": 0.8079179237755942,
  "parameters": {
    "edgeThresh1": -22.623784251216602,
    "simThresh1": 0.9831927151407116,
    "pixelRatio1": 0.07255054240351703,
    "edgeThresh2": -7.39980030764989,
    "simThresh2": 0.7502506673614879,
    "pixelRatio2": 0.04913724557776915,
    "ransac_weight_q": 7.594638387939569,
    "ransac_weight_qg": 14.429713626094554
  },
  "cvar": 0.7005381657541604,
  "score": 0.8906702168833297,
  "w_idx": 7,
  "image_idx": 279,
  "n_w": 15
}