{
  "iteration": 2,
  "acq_function": "BoRisk-KG",
  "acq_value": 1.552800574880784,
  "parameters": {
    "edgeThresh1": -21.674089112511734,
    "simThresh1": 0.7570474442291534,
    "pixelRatio1": 0.14763846089489358,
    "edgeThresh2": 4.466243884343633,
    "simThresh2": 0.6090624030476061,
    "pixelRatio2": 0.10822745441442247,
    "ransac_weight_q": 16.393837219529484,
    "ransac_weight_qg": 14.58490640907969
  },
  "cvar": 0.5720244620507877,
  "score": 0.6964065860074362,
  "w_idx": 3,
  "image_idx": 6,
  "n_w": 15
}