{
  "iteration": 83,
  "acq_function": "BoRisk-KG",
  "acq_value": 0.16680593364776053,
  "parameters": {
    "edgeThresh1": -13.203258009608373,
    "simThresh1": 0.7729245387739425,
    "pixelRatio1": 0.05194379412203481,
    "edgeThresh2": -14.434662932904423,
    "simThresh2": 0.9686596654334472,
    "pixelRatio2": 0.08571210478203754,
    "ransac_weight_q": 3.931573879062794,
    "ransac_weight_qg": 16.512127534132272
  },
  "cvar": 0.7731616255407192,
  "score": 0.8030971900293926,
  "w_idx": 10,
  "image_idx": 416,
  "n_w": 15
}