{
  "iteration": 54,
  "acq_function": "BoRisk-KG",
  "acq_value": 0.14434962371941895,
  "parameters": {
    "edgeThresh1": -16.495936193254984,
    "simThresh1": 0.6074663574915735,
    "pixelRatio1": 0.045537971973539815,
    "edgeThresh2": -7.986001764636292,
    "simThresh2": 0.7790257423976199,
    "pixelRatio2": 0.08210541016634187,
    "ransac_weight_q": 15.500591408374016,
    "ransac_weight_qg": 3.034079456949698
  },
  "cvar": 0.762606665331254,
  "score": 0.8947119328616654,
  "w_idx": 12,
  "image_idx": 416,
  "n_w": 15
}