{
  "iteration": 47,
  "acq_function": "BoRisk-KG",
  "acq_value": 0.13465823838141647,
  "parameters": {
    "edgeThresh1": -16.16436995068952,
    "simThresh1": 0.9311882656358309,
    "pixelRatio1": 0.05507852467430978,
    "edgeThresh2": -0.6492386928833369,
    "simThresh2": 0.8503289325489042,
    "pixelRatio2": 0.1179809890902988,
    "ransac_weight_q": 12.66378201625841,
    "ransac_weight_qg": 5.537390623876017
  },
  "cvar": 0.7594146985470361,
  "score": 0.8975821876939954,
  "w_idx": 4,
  "image_idx": 502,
  "n_w": 15
}