{
  "iteration": 26,
  "acq_function": "BoRisk-KG",
  "acq_value": 0.11640306068000546,
  "parameters": {
    "edgeThresh1": -9.197512957485017,
    "simThresh1": 0.9099694918928185,
    "pixelRatio1": 0.05935844964175959,
    "edgeThresh2": -16.241632410865453,
    "simThresh2": 0.925532337748024,
    "pixelRatio2": 0.13398553174914368,
    "ransac_weight_q": 12.359573276161576,
    "ransac_weight_qg": 17.40561758161167
  },
  "cvar": 0.7432438836653642,
  "score": 0.9004559839657975,
  "w_idx": 0,
  "image_idx": 502,
  "n_w": 15
}