{
  "iteration": 82,
  "acq_function": "BoRisk-KG",
  "acq_value": 0.1675048783983217,
  "parameters": {
    "edgeThresh1": -11.187017200942707,
    "simThresh1": 0.8630830255971796,
    "pixelRatio1": 0.04676700935124826,
    "edgeThresh2": 3.244391150658384,
    "simThresh2": 0.7052478525256287,
    "pixelRatio2": 0.07743111354841764,
    "ransac_weight_q": 15.732798519700985,
    "ransac_weight_qg": 12.289275998301411
  },
  "cvar": 0.77304822985664,
  "score": 0.7866243866404645,
  "w_idx": 8,
  "image_idx": 374,
  "n_w": 15
}