{
  "iteration": 97,
  "acq_function": "BoRisk-KG",
  "acq_value": 0.1756659936910067,
  "parameters": {
    "edgeThresh1": 0.2936815738035534,
    "simThresh1": 0.9282379074547763,
    "pixelRatio1": 0.14727571720598656,
    "edgeThresh2": 3.543493798481066,
    "simThresh2": 0.9214350299833066,
    "pixelRatio2": 0.0758575728547539,
    "ransac_weight_q": 13.96010210283845,
    "ransac_weight_qg": 14.548287340604606
  },
  "cvar": 0.7799033709194747,
  "score": 0.8283259263053098,
  "w_idx": 12,
  "image_idx": 416,
  "n_w": 15
}