{
  "iteration": 29,
  "acq_function": "BoRisk-KG",
  "acq_value": 0.12351537607063179,
  "parameters": {
    "edgeThresh1": -9.558804011628814,
    "simThresh1": 0.8153417801962721,
    "pixelRatio1": 0.014492684499142042,
    "edgeThresh2": -12.044834975811241,
    "simThresh2": 0.9503488354537923,
    "pixelRatio2": 0.13418196019452408,
    "ransac_weight_q": 7.036712882663189,
    "ransac_weight_qg": 4.386715930127636
  },
  "cvar": 0.7449110166906043,
  "score": 0.6779302437612966,
  "w_idx": 5,
  "image_idx": 133,
  "n_w": 15
}