{
  "iteration": 39,
  "acq_function": "BoRisk-KG",
  "acq_value": 0.2080902906772492,
  "parameters": {
    "edgeThresh1": -4.509968282951995,
    "simThresh1": 0.7180638951966335,
    "pixelRatio1": 0.14404558895948427,
    "edgeThresh2": -16.756633818140074,
    "simThresh2": 0.7222186566603317,
    "pixelRatio2": 0.0797179041197772,
    "ransac_weight_q": 13.3073681013864,
    "ransac_weight_qg": 18.145956170967487
  },
  "cvar": 0.7515091403822036,
  "score": 0.8678265560424181,
  "w_idx": 3,
  "image_idx": 50,
  "n_w": 15
}