{
  "iteration": 58,
  "acq_function": "BoRisk-KG",
  "acq_value": 0.1723792827833141,
  "parameters": {
    "edgeThresh1": -11.131456469739337,
    "simThresh1": 0.5282593061659033,
    "pixelRatio1": 0.09180113953237395,
    "edgeThresh2": -1.8216331490040147,
    "simThresh2": 0.558331817536503,
    "pixelRatio2": 0.13897084242236937,
    "ransac_weight_q": 5.161677685855565,
    "ransac_weight_qg": 2.552612262119946
  },
  "cvar": 0.7651242243976416,
  "score": 0.9146387495813155,
  "w_idx": 2,
  "image_idx": 502,
  "n_w": 15
}