{
  "iteration": 57,
  "acq_function": "BoRisk-KG",
  "acq_value": 0.13812454357438464,
  "parameters": {
    "edgeThresh1": -5.565422693518883,
    "simThresh1": 0.9163555611562397,
    "pixelRatio1": 0.14465382775573668,
    "edgeThresh2": -1.98859195143093,
    "simThresh2": 0.5932524079738838,
    "pixelRatio2": 0.12652909239054858,
    "ransac_weight_q": 14.838478841196718,
    "ransac_weight_qg": 18.56443340852163
  },
  "cvar": 0.7642248808440046,
  "score": 0.9076902214406454,
  "w_idx": 14,
  "image_idx": 440,
  "n_w": 15
}