{
  "iteration": 23,
  "acq_function": "BoRisk-KG",
  "acq_value": 0.13265931029078265,
  "parameters": {
    "edgeThresh1": 3.8851824797638415,
    "simThresh1": 0.5827996528083714,
    "pixelRatio1": 0.06689448390160883,
    "edgeThresh2": 5.915405792030118,
    "simThresh2": 0.8791882895704413,
    "pixelRatio2": 0.07998808168038261,
    "ransac_weight_q": 17.219922980837914,
    "ransac_weight_qg": 7.13126462662378
  },
  "cvar": 0.7396364806732854,
  "score": 0.6677248129828601,
  "w_idx": 7,
  "image_idx": 502,
  "n_w": 15
}