{
  "iteration": 65,
  "acq_function": "BoRisk-KG",
  "acq_value": 0.1740935004606043,
  "parameters": {
    "edgeThresh1": -13.706654140778623,
    "simThresh1": 0.9638876622818727,
    "pixelRatio1": 0.1144692056414693,
    "edgeThresh2": -3.618582676396855,
    "simThresh2": 0.623274422951366,
    "pixelRatio2": 0.14978178321402255,
    "ransac_weight_q": 1.962629248542792,
    "ransac_weight_qg": 13.809413042119912
  },
  "cvar": 0.7687101245663444,
  "score": 0.905076487064165,
  "w_idx": 12,
  "image_idx": 502,
  "n_w": 15
}