{
  "iteration": 40,
  "acq_function": "BoRisk-KG",
  "acq_value": 0.11227389228700191,
  "parameters": {
    "edgeThresh1": -2.574649045089398,
    "simThresh1": 0.9275383230898431,
    "pixelRatio1": 0.11789046054253861,
    "edgeThresh2": 4.4958777334979985,
    "simThresh2": 0.7665559841347843,
    "pixelRatio2": 0.12121919325036334,
    "ransac_weight_q": 3.8296891956762744,
    "ransac_weight_qg": 9.711143359302573
  },
  "cvar": 0.7524650664757871,
  "score": 0.8940215681695852,
  "w_idx": 3,
  "image_idx": 502,
  "n_w": 15
}