{
  "iteration": 100,
  "acq_function": "BoRisk-KG",
  "acq_value": 0.17933451849959442,
  "parameters": {
    "edgeThresh1": -3.920767301289562,
    "simThresh1": 0.631320712199501,
    "pixelRatio1": 0.14238840881252054,
    "edgeThresh2": 1.7808590016752142,
    "simThresh2": 0.9833405750609246,
    "pixelRatio2": 0.07337041335641725,
    "ransac_weight_q": 9.549429625445438,
    "ransac_weight_qg": 11.599730746189824
  },
  "cvar": 0.4043887752868126,
  "score": 0.9041534453724671,
  "w_idx": 1,
  "image_idx": 502,
  "n_w": 15
}