{
  "iteration": 30,
  "acq_function": "BoRisk-KG",
  "acq_value": 0.11576662480955498,
  "parameters": {
    "edgeThresh1": 5.367718758144967,
    "simThresh1": 0.7421478791997029,
    "pixelRatio1": 0.07957212480831345,
    "edgeThresh2": -12.790552739581159,
    "simThresh2": 0.6807774926911998,
    "pixelRatio2": 0.09759263086649188,
    "ransac_weight_q": 3.664834789098011,
    "ransac_weight_qg": 19.12270373596145
  },
  "cvar": 0.746092885178122,
  "score": 0.9002629503455829,
  "w_idx": 5,
  "image_idx": 502,
  "n_w": 15
}