{
  "iteration": 11,
  "acq_function": "BoRisk-KG",
  "acq_value": 0.6844108053893432,
  "parameters": {
    "edgeThresh1": -15.753132834295023,
    "simThresh1": 0.5958706037242414,
    "pixelRatio1": 0.048399498918028284,
    "edgeThresh2": -14.55030982203492,
    "simThresh2": 0.7248181203355464,
    "pixelRatio2": 0.11835600057571347,
    "ransac_weight_q": 4.5116659335352125,
    "ransac_weight_qg": 8.873252972558186
  },
  "cvar": 0.7126616840793747,
  "score": 0.7950228886891506,
  "w_idx": 13,
  "image_idx": 112,
  "n_w": 15
}