{
  "iteration": 90,
  "acq_function": "BoRisk-KG",
  "acq_value": 0.18840212250475946,
  "parameters": {
    "edgeThresh1": -4.603329490963155,
    "simThresh1": 0.6880384784935726,
    "pixelRatio1": 0.03515033191255595,
    "edgeThresh2": 1.4846170556108902,
    "simThresh2": 0.8894108908504386,
    "pixelRatio2": 0.04157377284838348,
    "ransac_weight_q": 9.54938157596824,
    "ransac_weight_qg": 13.145456096354385
  },
  "cvar": 0.7763129017836278,
  "score": 0.8922180880410859,
  "w_idx": 14,
  "image_idx": 286,
  "n_w": 15
}