{
  "iteration": 5,
  "acq_function": "BoRisk-KG",
  "acq_value": 0.7147947908791339,
  "parameters": {
    "edgeThresh1": -17.83502322975663,
    "simThresh1": 0.7289075851000976,
    "pixelRatio1": 0.09842473974991685,
    "edgeThresh2": -2.167829202562263,
    "simThresh2": 0.6652720664800429,
    "pixelRatio2": 0.09294690398061353,
    "ransac_weight_q": 3.3078531726022162,
    "ransac_weight_qg": 1.309869700606381
  },
  "cvar": 0.7042934682296981,
  "score": 0.9116601344893922,
  "w_idx": 13,
  "image_idx": 502,
  "n_w": 15
}