{
  "iteration": 1,
  "acq_function": "BoRisk-KG",
  "acq_value": 0.6659622159277904,
  "parameters": {
    "edgeThresh1": 3.2558522425281815,
    "simThresh1": 0.8705002277172922,
    "pixelRatio1": 0.10270740550199489,
    "edgeThresh2": -4.81165374586017,
    "simThresh2": 0.7203758321574005,
    "pixelRatio2": 0.08115726505142787,
    "ransac_weight_q": 17.623012450312945,
    "ransac_weight_qg": 9.79380826579886
  },
  "cvar": 0.7020278920193417,
  "score": 0.9122006234923532,
  "w_idx": 5,
  "image_idx": 502,
  "n_w": 15
}