{
  "iteration": 99,
  "acq_function": "BoRisk-KG",
  "acq_value": 0.1982689439324155,
  "parameters": {
    "edgeThresh1": -8.151302359282843,
    "simThresh1": 0.768152388891221,
    "pixelRatio1": 0.13593648502665837,
    "edgeThresh2": -17.476444464241133,
    "simThresh2": 0.6671131670997875,
    "pixelRatio2": 0.13999011255077953,
    "ransac_weight_q": 12.431870445620183,
    "ransac_weight_qg": 5.427274864741189
  },
  "cvar": 0.7810002076021125,
  "score": 0.8937572370724124,
  "w_idx": 9,
  "image_idx": 502,
  "n_w": 15
}