{
  "iteration": 48,
  "acq_function": "BoRisk-KG",
  "acq_value": 0.14719562641858322,
  "parameters": {
    "edgeThresh1": -17.6868041445787,
    "simThresh1": 0.7453291300004821,
    "pixelRatio1": 0.07327661048850258,
    "edgeThresh2": -3.3869713773901076,
    "simThresh2": 0.6403030893769078,
    "pixelRatio2": 0.05882253849703717,
    "ransac_weight_q": 1.1453473668734544,
    "ransac_weight_qg": 8.94086809868662
  },
  "cvar": 0.7602011010708738,
  "score": 0.8852152909749992,
  "w_idx": 1,
  "image_idx": 50,
  "n_w": 15
}