{
  "iteration": 96,
  "acq_function": "BoRisk-KG",
  "acq_value": 0.18741426613956022,
  "parameters": {
    "edgeThresh1": 5.71791239581508,
    "simThresh1": 0.5659126117756375,
    "pixelRatio1": 0.06879715040407665,
    "edgeThresh2": -7.343940445197756,
    "simThresh2": 0.8145282087380817,
    "pixelRatio2": 0.11339437179194484,
    "ransac_weight_q": 14.975352812526932,
    "ransac_weight_qg": 10.802580918790037
  },
  "cvar": 0.7796721576140023,
  "score": 0.9016127005679002,
  "w_idx": 5,
  "image_idx": 502,
  "n_w": 15
}