{
  "iteration": 45,
  "acq_function": "BoRisk-KG",
  "acq_value": 0.1404113440979347,
  "parameters": {
    "edgeThresh1": -2.915275200294971,
    "simThresh1": 0.9769259174500159,
    "pixelRatio1": 0.0927966927060681,
    "edgeThresh2": -3.5546444342042705,
    "simThresh2": 0.672971353674409,
    "pixelRatio2": 0.022902370110169615,
    "ransac_weight_q": 13.894352042244801,
    "ransac_weight_qg": 7.85816065953151
  },
  "cvar": 0.7569655864211304,
  "score": 0.9008040879644652,
  "w_idx": 3,
  "image_idx": 502,
  "n_w": 15
}