{
  "iteration": 71,
  "acq_function": "BoRisk-KG",
  "acq_value": 0.17033515319778741,
  "parameters": {
    "edgeThresh1": 3.880817705336561,
    "simThresh1": 0.5048502756131769,
    "pixelRatio1": 0.12100396281335142,
    "edgeThresh2": 3.7127409528428856,
    "simThresh2": 0.7297011568992086,
    "pixelRatio2": 0.10992118284363747,
    "ransac_weight_q": 14.470765240475442,
    "ransac_weight_qg": 1.2669043300652703
  },
  "cvar": 0.7710696740733012,
  "score": 0.8762030928670612,
  "w_idx": 3,
  "image_idx": 416,
  "n_w": 15
}