{
  "iteration": 50,
  "acq_function": "BoRisk-KG",
  "acq_value": 0.14164139073550608,
  "parameters": {
    "edgeThresh1": -6.231720700974666,
    "simThresh1": 0.5000082030374835,
    "pixelRatio1": 0.07914183758392801,
    "edgeThresh2": 3.4086663757928157,
    "simThresh2": 0.8441425725717953,
    "pixelRatio2": 0.08027958517615164,
    "ransac_weight_q": 12.524114106345131,
    "ransac_weight_qg": 5.627379024715805
  },
  "cvar": 0.7607013153249436,
  "score": 0.8286455227962495,
  "w_idx": 5,
  "image_idx": 230,
  "n_w": 15
}