{
  "iteration": 13,
  "acq_function": "BoRisk-KG",
  "acq_value": 0.7239723845130515,
  "parameters": {
    "edgeThresh1": -0.7834719722685755,
    "simThresh1": 0.5135777489974737,
    "pixelRatio1": 0.04521639997557702,
    "edgeThresh2": 0.8344143865455429,
    "simThresh2": 0.607120276893909,
    "pixelRatio2": 0.08875409811511012,
    "ransac_weight_q": 8.673365522797692,
    "ransac_weight_qg": 19.467673362445986
  },
  "cvar": 0.7222225234483692,
  "score": 0.9215544449205576,
  "w_idx": 10,
  "image_idx": 502,
  "n_w": 15
}