{
  "iteration": 92,
  "acq_function": "BoRisk-KG",
  "acq_value": 0.1910663600129246,
  "parameters": {
    "edgeThresh1": -16.396874334116287,
    "simThresh1": 0.5680350653850835,
    "pixelRatio1": 0.1428426264013372,
    "edgeThresh2": -1.6728182149699542,
    "simThresh2": 0.7445609627201898,
    "pixelRatio2": 0.09833820516581715,
    "ransac_weight_q": 5.531894223305369,
    "ransac_weight_qg": 8.674002495133296
  },
  "cvar": 0.7774497399061897,
  "score": 0.8959603025416277,
  "w_idx": 10,
  "image_idx": 502,
  "n_w": 15
}