{
  "iteration": 89,
  "acq_function": "BoRisk-KG",
  "acq_value": 0.1650374265910481,
  "parameters": {
    "edgeThresh1": -0.36177846143640835,
    "simThresh1": 0.6696532501505026,
    "pixelRatio1": 0.028757276556880568,
    "edgeThresh2": 5.575367108350182,
    "simThresh2": 0.9245951069004016,
    "pixelRatio2": 0.04229319935014596,
    "ransac_weight_q": 12.054409435650888,
    "ransac_weight_qg": 2.223562089143214
  },
  "cvar": 0.7757419238534391,
  "score": 0.9037420782662214,
  "w_idx": 12,
  "image_idx": 502,
  "n_w": 15
}