{
  "iteration": 64,
  "acq_function": "BoRisk-KG",
  "acq_value": 0.18652285992494497,
  "parameters": {
    "edgeThresh1": -0.7453980905640201,
    "simThresh1": 0.8264575011272571,
    "pixelRatio1": 0.0707956524869805,
    "edgeThresh2": -11.35862912446026,
    "simThresh2": 0.8076085851588679,
    "pixelRatio2": 0.08075575557079803,
    "ransac_weight_q": 6.538994898975232,
    "ransac_weight_qg": 3.8051980342915686
  },
  "cvar": 0.7679338292230444,
  "score": 0.8633891471062854,
  "w_idx": 3,
  "image_idx": 416,
  "n_w": 15
}