{
  "iteration": 37,
  "acq_function": "BoRisk-KG",
  "acq_value": 1.2796083943238883,
  "parameters": {
    "edgeThresh1": -2.3348472932399993,
    "simThresh1": 0.5678484014186631,
    "pixelRatio1": 0.10264179033137588,
    "edgeThresh2": -21.924158655393914,
    "simThresh2": 0.9295026276474568,
    "pixelRatio2": 0.09811844497902174,
    "ransac_weight_q": 15.418145390728673,
    "ransac_weight_qg": 1.3199685840644335
  },
  "cvar": 0.7324448984946283,
  "score": 0.95,
  "w_idx": 0,
  "image_idx": 45,
  "n_w": 15
}