{
  "iteration": 76,
  "acq_function": "BoRisk-KG",
  "acq_value": 0.9032680839335692,
  "parameters": {
    "edgeThresh1": -15.999098657298251,
    "simThresh1": 0.9485896720674675,
    "pixelRatio1": 0.030903932787271764,
    "edgeThresh2": -13.272169508512125,
    "simThresh2": 0.7308489843871562,
    "pixelRatio2": 0.020804136074547952,
    "ransac_weight_q": 7.385681875990936,
    "ransac_weight_qg": 19.36087778051699
  },
  "cvar": 0.28123579585840475,
  "score": 0.925,
  "w_idx": 11,
  "image_idx": 41,
  "n_w": 15
}