{
  "iteration": 61,
  "acq_function": "BoRisk-KG",
  "acq_value": 1.640420956799209,
  "parameters": {
    "edgeThresh1": 1.7710714941267298,
    "simThresh1": 0.6077221723770422,
    "pixelRatio1": 0.06150016071547747,
    "edgeThresh2": -11.420203661152234,
    "simThresh2": 0.878065324106943,
    "pixelRatio2": 0.13251550127111966,
    "ransac_weight_q": 11.71147006435195,
    "ransac_weight_qg": 19.183642787074014
  },
  "cvar": 0.7661662578338209,
  "score": 1.0,
  "w_idx": 6,
  "image_idx": 55,
  "n_w": 15
}