{
  "iteration": 15,
  "acq_function": "BoRisk-KG",
  "acq_value": 1.412217909701829,
  "parameters": {
    "edgeThresh1": 0.1443445332991402,
    "simThresh1": 0.7708207450472699,
    "pixelRatio1": 0.029473761387373856,
    "edgeThresh2": -14.664440574264765,
    "simThresh2": 0.970102252349184,
    "pixelRatio2": 0.06031974208461328,
    "ransac_weight_q": 17.655068612536496,
    "ransac_weight_qg": 1.0874976263258882
  },
  "cvar": 0.7389131423678648,
  "score": 0.62,
  "w_idx": 5,
  "image_idx": 103,
  "n_w": 15
}