{
  "iteration": 50,
  "acq_function": "BoRisk-KG",
  "acq_value": 1.4092175066993806,
  "parameters": {
    "edgeThresh1": -16.322664342231292,
    "simThresh1": 0.8297165394500838,
    "pixelRatio1": 0.09431101613781134,
    "edgeThresh2": -14.068703544199424,
    "simThresh2": 0.6826522553850614,
    "pixelRatio2": 0.034225943748673986,
    "ransac_weight_q": 18.546869036128662,
    "ransac_weight_qg": 15.76624956034536
  },
  "cvar": 0.7325852564462375,
  "score": 0.6925,
  "w_idx": 13,
  "image_idx": 58,
  "n_w": 15
}