{
  "iteration": 75,
  "acq_function": "BoRisk-KG",
  "acq_value": 1.6533095471615162,
  "parameters": {
    "edgeThresh1": -8.626696095348452,
    "simThresh1": 0.5728811111878824,
    "pixelRatio1": 0.11098932602905026,
    "edgeThresh2": 0.5287807222907368,
    "simThresh2": 0.9829648763239418,
    "pixelRatio2": 0.0982948175514532,
    "ransac_weight_q": 11.452166391997796,
    "ransac_weight_qg": 6.666919794801311
  },
  "cvar": 0.5156502199770554,
  "score": 1.0,
  "w_idx": 3,
  "image_idx": 55,
  "n_w": 15
}