{
  "iteration": 62,
  "acq_function": "BoRisk-KG",
  "acq_value": 1.3405654952351989,
  "parameters": {
    "edgeThresh1": -20.963765214764155,
    "simThresh1": 0.6894733394177708,
    "pixelRatio1": 0.10506915805556126,
    "edgeThresh2": -22.964589566462116,
    "simThresh2": 0.7445275641048279,
    "pixelRatio2": 0.04058273106387294,
    "ransac_weight_q": 19.90382501415812,
    "ransac_weight_qg": 12.571260130205957
  },
  "cvar": 0.7354077154384533,
  "score": 0.8025,
  "w_idx": 11,
  "image_idx": 6,
  "n_w": 15
}