{
  "iteration": 40,
  "acq_function": "BoRisk-KG",
  "acq_value": 1.3410126486215295,
  "parameters": {
    "edgeThresh1": -11.948090495768625,
    "simThresh1": 0.6119974739310716,
    "pixelRatio1": 0.02471734865223775,
    "edgeThresh2": 6.293797840401204,
    "simThresh2": 0.7241948672928559,
    "pixelRatio2": 0.08977830568659348,
    "ransac_weight_q": 7.481105177962249,
    "ransac_weight_qg": 17.403313746633856
  },
  "cvar": 0.7349901754110492,
  "score": 0.8,
  "w_idx": 5,
  "image_idx": 7,
  "n_w": 15
}