{
  "iteration": 70,
  "acq_function": "BoRisk-KG",
  "acq_value": 1.606249558244455,
  "parameters": {
    "edgeThresh1": 1.6965709681462222,
    "simThresh1": 0.5858399125811471,
    "pixelRatio1": 0.10324210189006204,
    "edgeThresh2": 4.848744346982961,
    "simThresh2": 0.7127433215724595,
    "pixelRatio2": 0.10692552454343722,
    "ransac_weight_q": 4.198056466048735,
    "ransac_weight_qg": 6.342488722383595
  },
  "cvar": 0.3442047456474185,
  "score": 0.995,
  "w_idx": 2,
  "image_idx": 52,
  "n_w": 15
}