{
  "iteration": 19,
  "acq_function": "BoRisk-KG",
  "acq_value": 1.4823702054929309,
  "parameters": {
    "edgeThresh1": 1.5089784979945975,
    "simThresh1": 0.9124917940520537,
    "pixelRatio1": 0.12318586174182301,
    "edgeThresh2": -7.323190820997604,
    "simThresh2": 0.9488414628703241,
    "pixelRatio2": 0.023630928200890966,
    "ransac_weight_q": 3.7454677107187737,
    "ransac_weight_qg": 5.205324281246588
  },
  "cvar": 0.744115356992692,
  "score": 1.0,
  "w_idx": 4,
  "image_idx": 53,
  "n_w": 15
}