{
  "iteration": 43,
  "acq_function": "BoRisk-KG",
  "acq_value": 1.4846256144535344,
  "parameters": {
    "edgeThresh1": -3.075827515882281,
    "simThresh1": 0.7064621969052969,
    "pixelRatio1": 0.13321607050747408,
    "edgeThresh2": -18.524838589590267,
    "simThresh2": 0.521578213555632,
    "pixelRatio2": 0.14114324017548951,
    "ransac_weight_q": 3.1846822935321715,
    "ransac_weight_qg": 9.565366567667983
  },
  "cvar": 0.7298075412536106,
  "score": 0.3,
  "w_idx": 2,
  "image_idx": 11,
  "n_w": 15
}