{
  "iteration": 33,
  "acq_function": "BoRisk-KG",
  "acq_value": 1.697837727709329,
  "parameters": {
    "edgeThresh1": 3.1672456139891167,
    "simThresh1": 0.7729242534779649,
    "pixelRatio1": 0.11990369217517623,
    "edgeThresh2": -14.297776084689865,
    "simThresh2": 0.5041712644234434,
    "pixelRatio2": 0.03564200625955857,
    "ransac_weight_q": 2.8999352701255043,
    "ransac_weight_qg": 12.161041640806394
  },
  "cvar": 0.7277288004404276,
  "score": 0.94,
  "w_idx": 6,
  "image_idx": 45,
  "n_w": 15
}