{
  "iteration": 83,
  "acq_function": "BoRisk-KG",
  "acq_value": 0.8845322799228934,
  "parameters": {
    "edgeThresh1": -13.733709208674034,
    "simThresh1": 0.8081574764767793,
    "pixelRatio1": 0.05075969340572182,
    "edgeThresh2": -4.058701549220139,
    "simThresh2": 0.6228255281363662,
    "pixelRatio2": 0.12476513572545297,
    "ransac_weight_q": 9.824400719463048,
    "ransac_weight_qg": 17.906118614694496
  },
  "cvar": 0.26715171631287754,
  "score": 1.0,
  "w_idx": 4,
  "image_idx": 55,
  "n_w": 15
}