{
  "iteration": 11,
  "acq_function": "BoRisk-KG",
  "acq_value": 1.4292102855627822,
  "parameters": {
    "edgeThresh1": -6.812360612162674,
    "simThresh1": 0.6597083247327115,
    "pixelRatio1": 0.10210976756244965,
    "edgeThresh2": 0.7701905830380653,
    "simThresh2": 0.9053983357754278,
    "pixelRatio2": 0.08282027532573843,
    "ransac_weight_q": 11.332491879935306,
    "ransac_weight_qg": 16.294259996728776
  },
  "cvar": 0.735315210085524,
  "score": 0.865,
  "w_idx": 4,
  "image_idx": 61,
  "n_w": 15
}