{
  "iteration": 13,
  "acq_function": "BoRisk-KG",
  "acq_value": 1.3957560930669368,
  "parameters": {
    "edgeThresh1": -10.735977084487299,
    "simThresh1": 0.8012205155797116,
    "pixelRatio1": 0.12454862249584514,
    "edgeThresh2": 6.416155665863538,
    "simThresh2": 0.9138279137440184,
    "pixelRatio2": 0.0839344542097887,
    "ransac_weight_q": 1.7147814814946611,
    "ransac_weight_qg": 8.678622961121365
  },
  "cvar": 0.7426668259991317,
  "score": 0.8175,
  "w_idx": 7,
  "image_idx": 56,
  "n_w": 15
}