{
  "iteration": 18,
  "acq_function": "BoRisk-KG",
  "acq_value": 1.4762662731184484,
  "parameters": {
    "edgeThresh1": -11.930847839235136,
    "simThresh1": 0.7456261928353265,
    "pixelRatio1": 0.05255246750455983,
    "edgeThresh2": 1.678854417549104,
    "simThresh2": 0.564170770505393,
    "pixelRatio2": 0.1324435438690572,
    "ransac_weight_q": 2.0814308764743226,
    "ransac_weight_qg": 6.449587058404894
  },
  "cvar": 0.7423693935248908,
  "score": 1.0,
  "w_idx": 10,
  "image_idx": 9,
  "n_w": 15
}