{
  "iteration": 57,
  "acq_function": "BoRisk-KG",
  "acq_value": 1.6294821413423,
  "parameters": {
    "edgeThresh1": -12.355052532249266,
    "simThresh1": 0.8823937576173225,
    "pixelRatio1": 0.11045556345101286,
    "edgeThresh2": -18.474829189704725,
    "simThresh2": 0.760725465863366,
    "pixelRatio2": 0.03254509322681769,
    "ransac_weight_q": 15.200575692794297,
    "ransac_weight_qg": 17.141829378639116
  },
  "cvar": 0.7311853912147046,
  "score": 1.0,
  "w_idx": 1,
  "image_idx": 55,
  "n_w": 15
}