{
  "iteration": 47,
  "acq_function": "BoRisk-KG",
  "acq_value": 1.3154717785057959,
  "parameters": {
    "edgeThresh1": 6.009977544368681,
    "simThresh1": 0.9274118026809188,
    "pixelRatio1": 0.07908108673397045,
    "edgeThresh2": -12.401377372912442,
    "simThresh2": 0.6144745618220206,
    "pixelRatio2": 0.026196967716771477,
    "ransac_weight_q": 13.990708710005126,
    "ransac_weight_qg": 1.417217078449283
  },
  "cvar": 0.7315771281033436,
  "score": 0.865,
  "w_idx": 11,
  "image_idx": 9,
  "n_w": 15
}