{
  "iteration": 55,
  "acq_function": "BoRisk-KG",
  "acq_value": 1.3307347543190755,
  "parameters": {
    "edgeThresh1": 4.0429460107327095,
    "simThresh1": 0.5708638402505543,
    "pixelRatio1": 0.03138134566291235,
    "edgeThresh2": -4.45757436602705,
    "simThresh2": 0.9772856786736664,
    "pixelRatio2": 0.03908998722734281,
    "ransac_weight_q": 3.5910626044782767,
    "ransac_weight_qg": 16.90002850094411
  },
  "cvar": 0.7289897408853587,
  "score": 0.33666666666666667,
  "w_idx": 0,
  "image_idx": 95,
  "n_w": 15
}