{
  "iteration": 48,
  "acq_function": "BoRisk-KG",
  "acq_value": 1.3591121289746875,
  "parameters": {
    "edgeThresh1": -14.831024698219021,
    "simThresh1": 0.5228305735384139,
    "pixelRatio1": 0.11488297622129626,
    "edgeThresh2": -4.362898484341521,
    "simThresh2": 0.9416874671652571,
    "pixelRatio2": 0.02097791795441222,
    "ransac_weight_q": 11.197840341419278,
    "ransac_weight_qg": 19.602090863384554
  },
  "cvar": 0.7324043169347934,
  "score": 0.865,
  "w_idx": 11,
  "image_idx": 37,
  "n_w": 15
}