{
  "iteration": 6,
  "acq_function": "BoRisk-KG",
  "acq_value": 1.4060742466830933,
  "parameters": {
    "edgeThresh1": -6.499802012140126,
    "simThresh1": 0.6126830582353087,
    "pixelRatio1": 0.09197310011771154,
    "edgeThresh2": -15.760724340297571,
    "simThresh2": 0.7578356437495429,
    "pixelRatio2": 0.040161086958582115,
    "ransac_weight_q": 16.82614176086739,
    "ransac_weight_qg": 17.086056619609746
  },
  "cvar": 0.728940011516229,
  "score": 0.9325,
  "w_idx": 2,
  "image_idx": 28,
  "n_w": 15
}