{
  "iteration": 28,
  "acq_function": "BoRisk-KG",
  "acq_value": 1.4268995745395512,
  "parameters": {
    "edgeThresh1": -7.599505174886733,
    "simThresh1": 0.7363990594360272,
    "pixelRatio1": 0.1294425108103254,
    "edgeThresh2": -7.6093067050221155,
    "simThresh2": 0.5637998583301006,
    "pixelRatio2": 0.09164056156371403,
    "ransac_weight_q": 5.980174645636567,
    "ransac_weight_qg": 10.91642199162765
  },
  "cvar": 0.729534912217852,
  "score": 0.65,
  "w_idx": 0,
  "image_idx": 63,
  "n_w": 15
}