{
  "iteration": 36,
  "acq_function": "BoRisk-KG",
  "acq_value": 1.376484490752268,
  "parameters": {
    "edgeThresh1": -2.78039556557086,
    "simThresh1": 0.6749847301923635,
    "pixelRatio1": 0.011600179739122907,
    "edgeThresh2": 4.233166665727158,
    "simThresh2": 0.7193102515097076,
    "pixelRatio2": 0.036346185402794245,
    "ransac_weight_q": 11.942608556065258,
    "ransac_weight_qg": 13.209694130616057
  },
  "cvar": 0.7310094269114892,
  "score": 0.6733333333333333,
  "w_idx": 8,
  "image_idx": 101,
  "n_w": 15
}