{
  "iteration": 2,
  "acq_function": "BoRisk-KG",
  "acq_value": 2.070430464767554,
  "parameters": {
    "edgeThresh1": -18.229219990683426,
    "simThresh1": 0.9855105273216211,
    "pixelRatio1": 0.040881247153416685,
    "edgeThresh2": -1.3934193113457134,
    "simThresh2": 0.970231988608697,
    "pixelRatio2": 0.04476353494469784,
    "ransac_weight_q": 5.15018106492225,
    "ransac_weight_qg": 14.932622489436069
  },
  "cvar": 0.38737164817648706,
  "score": 0.38737164817648706,
  "w_idx": 2,
  "image_idx": 0,
  "n_w": 3
}