{
  "iteration": 30,
  "train_X_full": [
    [
      -17.288312792778015,
      0.896317452788353,
      0.07033902287483215,
      -16.171250969171524,
      0.7432411542534828,
      0.05878707706928253,
      18.344832181930542,
      5.063921630382538,
      0.007237144117246519,
      0.0,
      0.8580273612713059,
      0.07600767650027639,
      0.8479846469994472,
      0.018131878364090734
    ],
    [
      -17.288312792778015,
      0.896317452788353,
      0.07033902287483215,
      -16.171250969171524,
      0.7432411542534828,
      0.05878707706928253,
      18.344832181930542,
      5.063921630382538,
      0.12793289973941646,
      0.0,
      0.8246250774274851,
      0.14473201563057211,
      0.7105359687388557,
      0.023413834556153614
    ],
    [
      -17.288312792778015,
      0.896317452788353,
      0.07033902287483215,
      -16.171250969171524,
      0.7432411542534828,
      0.05878707706928253,
      18.344832181930542,
      5.063921630382538,
      0.0867286169461231,
      0.0,
      0.9225307974496988,
      0.06647394314820128,
      0.8670521137035975,
      0.015592824207569737
    ],
    [
      3.204468607902527,
      0.6542948719859123,
      0.13519959449768065,
      -2.8770344257354736,
      0.8009237098693848,
      0.1019098389148712,
      5.7016419023275375,
      16.57955026626587,
      0.007803695022313706,
      0.0039215686274509665,
      0.9364527265154428,
      0.02328399448918531,
      0.9534320110216293,
      0.010311875907770517
    ],
    [
      3.204468607902527,
      0.6542948719859123,
      0.13519959449768065,
      -2.8770344257354736,
      0.8009237098693848,
      0.1019098389148712,
      5.7016419023275375,
      16.57955026626587,
      0.02036455496550471,
      0.0039215686274509665,
      0.8948187662864711,
      0.09219535805415556,
      0.8156092838916889,
      0.01911244072792516
    ],
    [
      3.204468607902527,
      0.6542948719859123,
      0.13519959449768065,
      -2.8770344257354736,
      0.8009237098693848,
      0.1019098389148712,
      5.7016419023275375,
      16.57955026626587,
      0.06510040036809761,
      0.0,
      0.9202513589858601,
      0.03707624720945777,
      0.9258475055810844,
      0.013095454072151735
    ],
    [
      -6.964440226554871,
      0.7738359403610229,
      0.025432858020067214,
      -11.600687682628632,
      0.9182745850086211,
      0.1395738434791565,
      15.23146116733551,
      10.989331185817719,
      0.0025901300669113336,
      0.015686274509803977,
      0.8790145483574694,
      0.08071061786866894,
      0.8385787642626621,
      0.019030687983254305
    ],
    [
      -6.964440226554871,
      0.7738359403610229,
      0.025432858020067214,
      -11.600687682628632,
      0.9182745850086211,
      0.1395738434791565,
      15.23146116733551,
      10.989331185817719,
      0.12793289973941646,
      0.0,
      0.8246250774274851,
      0.14473201563057211,
      0.7105359687388557,
      0.023413834556153614
    ],
    [
      -6.964440226554871,
      0.7738359403610229,
      0.025432858020067214,
      -11.600687682628632,
      0.9182745850086211,
      0.1395738434791565,
      15.23146116733551,
      10.989331185817719,
      0.005359075229228738,
      0.0,
      0.9126604617882011,
      0.059504835375388844,
      0.8809903292492223,
      0.0142055873275236
    ],
    [
      -10.816218435764313,
      0.5316040199249983,
      0.09230989456176757,
      5.207749724388123,
      0.6084263134002685,
      0.026293002665042878,
      8.805687725543976,
      8.254785984754562,
      0.11421093779202174,
      0.007843137254901933,
      0.852448911209364,
      0.08887603704931575,
      0.8222479259013685,
      0.019719418813276945
    ],
    [
      -10.816218435764313,
      0.5316040199249983,
      0.09230989456176757,
      5.207749724388123,
      0.6084263134002685,
      0.026293002665042878,
      8.805687725543976,
      8.254785984754562,
      0.022132212249261762,
      0.0,
      0.8314467058609936,
      0.13878254957234948,
      0.722434900855301,
      0.024344986837327522
    ],
    [
      -10.816218435764313,
      0.5316040199249983,
      0.09230989456176757,
      5.207749724388123,
      0.6084263134002685,
      0.026293002665042878,
      8.805687725543976,
      8.254785984754562,
      0.1320291346673388,
      0.007843137254901933,
      0.8459793775898159,
      0.10834457733224856,
      0.7833108453355029,
      0.021404357698961936
    ],
    [
      -12.675173461437225,
      0.8541512423753739,
      0.12919333219528198,
      1.0235412120819092,
      0.535127614736557,
      0.07291454076766966,
      12.366547882556915,
      14.415521502494812,
      0.07609047132563196,
      0.0,
      0.8860848124652911,
      0.0631029329914073,
      0.8737941340171854,
      0.017027745738818403
    ],
    [
      -12.675173461437225,
      0.8541512423753739,
      0.12919333219528198,
      1.0235412120819092,
      0.535127614736557,
      0.07291454076766966,
      12.366547882556915,
      14.415521502494812,
      0.16972122215197016,
      0.0,
      0.9020258634499552,
      0.08766134486128807,
      0.8246773102774239,
      0.01753506597355718
    ],
    [
      -12.675173461437225,
      0.8541512423753739,
      0.12919333219528198,
      1.0235412120819092,
      0.535127614736557,
      0.07291454076766966,
      12.366547882556915,
      14.415521502494812,
      0.12701134944676062,
      0.0,
      0.923957532359349,
      0.03884889774721317,
      0.9223022045055737,
      0.014727892450553205
    ],
    [
      -14.695960469892697,
      0.6623332983968626,
      0.05177238699104841,
      -9.050868603668018,
      0.5637119793129486,
      0.11644694974064902,
      16.690527733662826,
      18.813626944921037,
      0.12538165941034296,
      0.0,
      0.9397917868127643,
      0.017938906200356607,
      0.9641221875992868,
      0.01180135377952924
    ],
    [
      4.357372096673171,
      0.796505392450771,
      0.14439798643734766,
      -14.74105741373725,
      0.780345169657449,
      0.11469438252031658,
      14.999007945518166,
      4.5185582208467,
      0.035472124989403886,
      0.007843137254901933,
      0.9160362333931394,
      0.042534537828098344,
      0.9149309243438033,
      0.01406620784206929
    ],
    [
      -1.2239127836892258,
      0.5515937018317021,
      0.10950333250223057,
      -0.2073132095668413,
      0.9218388625364423,
      0.010010020728372555,
      5.155287367350788,
      4.768760012728244,
      0.002518805054446238,
      0.0,
      0.8860197333290615,
      0.048048154220318495,
      0.903903691559363,
      0.014262186151693793
    ],
    [
      -9.14370702437261,
      0.5350775317064069,
      0.10061145155649609,
      -1.7742456931928778,
      0.9567244116913478,
      0.14643884738627438,
      14.958314505831723,
      6.293771596799821,
      0.032955100746257404,
      0.0039215686274509665,
      0.9062176273014653,
      0.04103967188701608,
      0.9179206562259679,
      0.015319201482335853
    ],
    [
      -13.945131133849273,
      0.7706486550952129,
      0.029931368018258984,
      -20.066647812025256,
      0.7815164499149179,
      0.08640989182763997,
      3.025098978152303,
      9.071957583120843,
      0.14460814689203738,
      0.0,
      0.9221286417617156,
      0.04500048692442946,
      0.909999026151141,
      0.0143765385375283
    ],
    [
      -5.195348119628839,
      0.8744913540781303,
      0.037869292719636606,
      -5.793508422095869,
      0.5205961340580725,
      0.09578805139312509,
      15.59693584532729,
      5.318648508048959,
      0.06510117213990552,
      0.0117647058823529,
      0.9148464532871973,
      0.04767284000675482,
      0.9046543199864904,
      0.014961730130505361
    ],
    [
      -11.36131432655793,
      0.940333369683785,
      0.13906637507647826,
      4.100348273565867,
