{
  "iteration": 3,
  "acq_function": "BoRisk-KG",
  "acq_value": 0.3502724683572137,
  "parameters": {
    "edgeThresh1": -1.2239127836892258,
    "simThresh1": 0.5515937018317021,
    "pixelRatio1": 0.10950333250223057,
    "edgeThresh2": -0.2073132095668413,
    "simThresh2": 0.9218388625364423,
    "pixelRatio2": 0.010010020728372555,
    "ransac_weight_q": 5.155287367350788,
    "ransac_weight_qg": 4.768760012728244
  },
  "cvar": 0.606888466193862,
  "score": 0.49855809796490497,
  "w_idx": 2,
  "image_idx": 8,
  "n_w": 3
}