{
  "iteration": 10,
  "acq_function": "BoRisk-KG",
  "acq_value": 0.2070395549581579,
  "parameters": {
    "edgeThresh1": -11.571314262604234,
    "simThresh1": 0.7525313009802355,
    "pixelRatio1": 0.14230798696803607,
    "edgeThresh2": 5.067320369625822,
    "simThresh2": 0.7934622186684179,
    "pixelRatio2": 0.09578586702901118,
    "ransac_weight_q": 4.10344815600469,
    "ransac_weight_qg": 16.7249292950161
  },
  "cvar": 0.5565642662112392,
  "score": 0.4761447991215893,
  "w_idx": 2,
  "image_idx": 14,
  "n_w": 3
}