{
  "iteration": 21,
  "acq_function": "BoRisk-KG",
  "acq_value": 0.2263168853246326,
  "parameters": {
    "edgeThresh1": -0.7909634826229777,
    "simThresh1": 0.89170043321625,
    "pixelRatio1": 0.1486469320191645,
    "edgeThresh2": -5.161416653772463,
    "simThresh2": 0.5832007591975876,
    "pixelRatio2": 0.0901416915970662,
    "ransac_weight_q": 4.43672559637785,
    "ransac_weight_qg": 8.166930552626017
  },
  "cvar": 0.5681633037783288,
  "score": 0.44016954250921964,
  "w_idx": 2,
  "image_idx": 37,
  "n_w": 3
}