{
  "iteration": 16,
  "acq_function": "BoRisk-KG",
  "acq_value": 0.18519175049028713,
  "parameters": {
    "edgeThresh1": -6.602505365473082,
    "simThresh1": 0.7263960609340425,
    "pixelRatio1": 0.1143816601213235,
    "edgeThresh2": -6.279617505263992,
    "simThresh2": 0.5251503051827067,
    "pixelRatio2": 0.027699642826574944,
    "ransac_weight_q": 10.348135617447541,
    "ransac_weight_qg": 9.5241671924826
  },
  "cvar": 0.4698827500060101,
  "score": 0.6969088500599193,
  "w_idx": 2,
  "image_idx": 9,
  "n_w": 3
}