{
  "iteration": 24,
  "acq_function": "BoRisk-KG",
  "acq_value": 0.16259869915592445,
  "parameters": {
    "edgeThresh1": -3.963370372567553,
    "simThresh1": 0.523536587338179,
    "pixelRatio1": 0.025894157745267515,
    "edgeThresh2": -14.140622962523192,
    "simThresh2": 0.897502355600114,
    "pixelRatio2": 0.08383716303066353,
    "ransac_weight_q": 7.406223113299457,
    "ransac_weight_qg": 11.601732210916134
  },
  "cvar": 0.4470926769509283,
  "score": 0.39521995723994086,
  "w_idx": 1,
  "image_idx": 54,
  "n_w": 3
}