{
  "iteration": 28,
  "acq_function": "BoRisk-KG",
  "acq_value": 1.262401240741157,
  "parameters": {
    "edgeThresh1": -7.176903399201091,
    "simThresh1": 0.5935460273225364,
    "pixelRatio1": 0.043047786006979526,
    "edgeThresh2": -5.331745817848756,
    "simThresh2": 0.85019075903188,
    "pixelRatio2": 0.06070873700099458,
    "ransac_weight_q": 7.438756230139517,
    "ransac_weight_qg": 15.554840141262668
  },
  "cvar": 0.47775006683080035,
  "score": 0.2529496760255682,
  "w_idx": 11,
  "image_idx": 110,
  "n_w": 15
}