{
  "iteration": 117,
  "acq_function": "BoRisk-KG",
  "acq_value": 1.116209252659504,
  "parameters": {
    "edgeThresh1": -5.142705991588759,
    "simThresh1": 0.5639473514284086,
    "pixelRatio1": 0.018668500397942454,
    "edgeThresh2": -22.89570802063837,
    "simThresh2": 0.8604093449120356,
    "pixelRatio2": 0.038316916405029204,
    "ransac_weight_q": 10.41376735723277,
    "ransac_weight_qg": 15.37478598843375
  },
  "cvar": 0.47871365781119674,
  "score": 0.6469592479917666,
  "w_idx": 6,
  "image_idx": 9,
  "n_w": 15
}