{
  "iteration": 40,
  "acq_function": "BoRisk-KG",
  "acq_value": 1.1236953505526928,
  "parameters": {
    "edgeThresh1": -15.729708841151252,
    "simThresh1": 0.9407138208295767,
    "pixelRatio1": 0.037529932629252326,
    "edgeThresh2": -12.502223153532862,
    "simThresh2": 0.6755721940544192,
    "pixelRatio2": 0.06704995339955147,
    "ransac_weight_q": 14.676160564306553,
    "ransac_weight_qg": 14.997764871191691
  },
  "cvar": 0.4686462300687377,
  "score": 0.4254999634124286,
  "w_idx": 0,
  "image_idx": 52,
  "n_w": 15
}