{
  "iteration": 17,
  "acq_function": "BoRisk-KG",
  "acq_value": 1.1925045460668087,
  "parameters": {
    "edgeThresh1": -6.741473743929905,
    "simThresh1": 0.7993747763281682,
    "pixelRatio1": 0.12377231616857366,
    "edgeThresh2": 3.885530358906916,
    "simThresh2": 0.5091130667092184,
    "pixelRatio2": 0.05483689294280888,
    "ransac_weight_q": 8.293176976987382,
    "ransac_weight_qg": 3.0134016685865754
  },
  "cvar": 0.4761805193756512,
  "score": 0.5422338754642481,
  "w_idx": 0,
  "image_idx": 9,
  "n_w": 15
}