{
  "iteration": 79,
  "acq_function": "BoRisk-KG",
  "acq_value": 1.1663752244053132,
  "parameters": {
    "edgeThresh1": -14.525584433591058,
    "simThresh1": 0.6131672629053796,
    "pixelRatio1": 0.14857254821704355,
    "edgeThresh2": -16.024475852312875,
    "simThresh2": 0.6564823550768013,
    "pixelRatio2": 0.13395153055068637,
    "ransac_weight_q": 5.709972739062649,
    "ransac_weight_qg": 9.915159289092704
  },
  "cvar": 0.47442201457462,
  "score": 0.4236317171498741,
  "w_idx": 6,
  "image_idx": 25,
  "n_w": 15
}