{
  "iteration": 52,
  "acq_function": "BoRisk-KG",
  "acq_value": 1.1416335033716938,
  "parameters": {
    "edgeThresh1": 6.5614108117871766,
    "simThresh1": 0.6596796557311172,
    "pixelRatio1": 0.023473111056702498,
    "edgeThresh2": 5.21984294387417,
    "simThresh2": 0.8469913333465228,
    "pixelRatio2": 0.1263154426397606,
    "ransac_weight_q": 11.206498270738761,
    "ransac_weight_qg": 10.540128132125746
  },
  "cvar": 0.4709366626722203,
  "score": 0.509556821954116,
  "w_idx": 10,
  "image_idx": 28,
  "n_w": 15
}