{
  "iteration": 134,
  "acq_function": "BoRisk-KG",
  "acq_value": 1.1365400910585068,
  "parameters": {
    "edgeThresh1": -14.943570543062561,
    "simThresh1": 0.9795024942905977,
    "pixelRatio1": 0.08159602666622162,
    "edgeThresh2": -5.403994270279821,
    "simThresh2": 0.8947927510181025,
    "pixelRatio2": 0.028023409896503815,
    "ransac_weight_q": 6.386497906932831,
    "ransac_weight_qg": 4.6127354218033085
  },
  "cvar": 0.47788138797988633,
  "score": 0.44264290270887424,
  "w_idx": 10,
  "image_idx": 41,
  "n_w": 15
}