{
  "iteration": 6,
  "acq_function": "BoRisk-KG",
  "acq_value": 1.1999678300716659,
  "parameters": {
    "edgeThresh1": -9.130647684524666,
    "simThresh1": 0.7268397835066339,
    "pixelRatio1": 0.128430423094865,
    "edgeThresh2": -9.514046514133879,
    "simThresh2": 0.5793993283552243,
    "pixelRatio2": 0.08047584430110188,
    "ransac_weight_q": 19.680551221018884,
    "ransac_weight_qg": 10.902037889036388
  },
  "cvar": 0.4772331231145699,
  "score": 0.5472033050943523,
  "w_idx": 6,
  "image_idx": 9,
  "n_w": 15
}