{
  "iteration": 69,
  "acq_function": "BoRisk-KG",
  "acq_value": 1.192933529228405,
  "parameters": {
    "edgeThresh1": -13.924927535894323,
    "simThresh1": 0.8433894173182843,
    "pixelRatio1": 0.08061285979119984,
    "edgeThresh2": -17.742275012855984,
    "simThresh2": 0.8907503326465492,
    "pixelRatio2": 0.0771616598879466,
    "ransac_weight_q": 9.335326554885876,
    "ransac_weight_qg": 4.211393368167043
  },
  "cvar": 0.4743518254975978,
  "score": 0.4441387297073139,
  "w_idx": 4,
  "image_idx": 41,
  "n_w": 15
}