{
  "iteration": 129,
  "acq_function": "BoRisk-KG",
  "acq_value": 1.1293813862753002,
  "parameters": {
    "edgeThresh1": -9.37102280715377,
    "simThresh1": 0.6443477277298805,
    "pixelRatio1": 0.013050164155917117,
    "edgeThresh2": 1.248432927643627,
    "simThresh2": 0.769912114125161,
    "pixelRatio2": 0.08479096065809752,
    "ransac_weight_q": 4.152448823470952,
    "ransac_weight_qg": 3.193611017790123
  },
  "cvar": 0.4784281405070201,
  "score": 0.49704455499346795,
  "w_idx": 1,
  "image_idx": 53,
  "n_w": 15
}