{
  "iteration": 50,
  "acq_function": "BoRisk-KG",
  "acq_value": 1.2524645416343927,
  "parameters": {
    "edgeThresh1": -8.049128309224855,
    "simThresh1": 0.6904945006353679,
    "pixelRatio1": 0.045178015652159814,
    "edgeThresh2": -17.638788885806783,
    "simThresh2": 0.5742340850112102,
    "pixelRatio2": 0.08773377210473589,
    "ransac_weight_q": 15.629423007079131,
    "ransac_weight_qg": 1.6816980455358403
  },
  "cvar": 0.4709504729290822,
  "score": 0.4850127893692166,
  "w_idx": 8,
  "image_idx": 9,
  "n_w": 15
}