{
  "iteration": 77,
  "acq_function": "BoRisk-KG",
  "acq_value": 1.2700768429861315,
  "parameters": {
    "edgeThresh1": -16.68125335945538,
    "simThresh1": 0.9268985048384006,
    "pixelRatio1": 0.04619019354829775,
    "edgeThresh2": 2.3114262383846196,
    "simThresh2": 0.9835662880348035,
    "pixelRatio2": 0.13040148444403576,
    "ransac_weight_q": 1.1892303481798085,
    "ransac_weight_qg": 7.071552683932979
  },
  "cvar": 0.47484780630089285,
  "score": 0.5919269059795425,
  "w_idx": 0,
  "image_idx": 29,
  "n_w": 15
}