{
  "iteration": 58,
  "acq_function": "BoRisk-KG",
  "acq_value": 1.2371851233021576,
  "parameters": {
    "edgeThresh1": -20.035572558285896,
    "simThresh1": 0.8269323523220611,
    "pixelRatio1": 0.14117880149646772,
    "edgeThresh2": -8.651272129989419,
    "simThresh2": 0.5434406775683248,
    "pixelRatio2": 0.07607142148078824,
    "ransac_weight_q": 3.6445359198104934,
    "ransac_weight_qg": 11.56799196697991
  },
  "cvar": 0.46919253628199564,
  "score": 0.43712145040773764,
  "w_idx": 7,
  "image_idx": 45,
  "n_w": 15
}