{
  "iteration": 99,
  "acq_function": "BoRisk-KG",
  "acq_value": 1.185626979877674,
  "parameters": {
    "edgeThresh1": -2.152010874377204,
    "simThresh1": 0.882128241365,
    "pixelRatio1": 0.0624713262956626,
    "edgeThresh2": 3.6565719921672937,
    "simThresh2": 0.7939137248372621,
    "pixelRatio2": 0.04282665198637056,
    "ransac_weight_q": 12.508822422541959,
    "ransac_weight_qg": 11.37880952990493
  },
  "cvar": 0.4777932852081961,
  "score": 0.5702074295516064,
  "w_idx": 12,
  "image_idx": 28,
  "n_w": 15
}