{
  "iteration": 122,
  "acq_function": "BoRisk-KG",
  "acq_value": 1.1395200521076876,
  "parameters": {
    "edgeThresh1": 5.214699448460266,
    "simThresh1": 0.6951473638418766,
    "pixelRatio1": 0.014791861973584071,
    "edgeThresh2": 0.8601865317345165,
    "simThresh2": 0.6608146618758233,
    "pixelRatio2": 0.04833247412400469,
    "ransac_weight_q": 18.203533504082763,
    "ransac_weight_qg": 6.132379049009329
  },
  "cvar": 0.4793434908459541,
  "score": 0.3345905082579685,
  "w_idx": 2,
  "image_idx": 16,
  "n_w": 15
}