{
  "iteration": 43,
  "acq_function": "BoRisk-KG",
  "acq_value": 1.2507885257338796,
  "parameters": {
    "edgeThresh1": -21.475550778518418,
    "simThresh1": 0.5213517516869307,
    "pixelRatio1": 0.03333887821082872,
    "edgeThresh2": -19.327385241165594,
    "simThresh2": 0.6262460298498167,
    "pixelRatio2": 0.06281400875792614,
    "ransac_weight_q": 12.703149988831662,
    "ransac_weight_qg": 3.6181094075359215
  },
  "cvar": 0.4680649054946719,
  "score": 0.4078027017357518,
  "w_idx": 10,
  "image_idx": 61,
  "n_w": 15
}