{
  "iteration": 67,
  "acq_function": "BoRisk-KG",
  "acq_value": 1.2569175042001814,
  "parameters": {
    "edgeThresh1": -4.938570211935019,
    "simThresh1": 0.8852486314618142,
    "pixelRatio1": 0.03558665320673404,
    "edgeThresh2": -16.899670225871493,
    "simThresh2": 0.5962418172065234,
    "pixelRatio2": 0.09813364116597813,
    "ransac_weight_q": 2.1396817832383332,
    "ransac_weight_qg": 8.012939240372589
  },
  "cvar": 0.47559064247032107,
  "score": 0.6135182971997623,
  "w_idx": 7,
  "image_idx": 6,
  "n_w": 15
}