{
  "iteration": 26,
  "acq_function": "BoRisk-KG",
  "acq_value": 1.4327844405332877,
  "parameters": {
    "edgeThresh1": -1.1323112038908398,
    "simThresh1": 0.9137517431748414,
    "pixelRatio1": 0.04451907026681098,
    "edgeThresh2": -21.74294091177124,
    "simThresh2": 0.8278047808991116,
    "pixelRatio2": 0.02241956229780286,
    "ransac_weight_q": 17.291734114249635,
    "ransac_weight_qg": 18.044135506371703
  },
  "cvar": 0.538656503838152,
  "score": 0.4358957153533279,
  "w_idx": 9,
  "image_idx": 45,
  "n_w": 15
}