{
  "iteration": 98,
  "acq_function": "BoRisk-KG",
  "acq_value": 1.3011366081184255,
  "parameters": {
    "edgeThresh1": -11.715004900241166,
    "simThresh1": 0.7911154582736666,
    "pixelRatio1": 0.10659470330558919,
    "edgeThresh2": -16.736171654660343,
    "simThresh2": 0.8806622508638228,
    "pixelRatio2": 0.010384922484059481,
    "ransac_weight_q": 3.68405658486264,
    "ransac_weight_qg": 6.64167720165635
  },
  "cvar": 0.4767748407934355,
  "score": 0.4088246733494021,
  "w_idx": 3,
  "image_idx": 60,
  "n_w": 15
}