{
  "iteration": 20,
  "acq_function": "BoRisk-KG",
  "acq_value": 1.2899508579669468,
  "parameters": {
    "edgeThresh1": -12.258239985072407,
    "simThresh1": 0.889409559729774,
    "pixelRatio1": 0.05865326691936353,
    "edgeThresh2": -4.559908050437276,
    "simThresh2": 0.8234029948720976,
    "pixelRatio2": 0.1328202485136549,
    "ransac_weight_q": 14.248745257832882,
    "ransac_weight_qg": 13.559306699525195
  },
  "cvar": 0.5317383026793168,
  "score": 0.4132380275829155,
  "w_idx": 14,
  "image_idx": 60,
  "n_w": 15
}