{
  "iteration": 144,
  "acq_function": "BoRisk-KG",
  "acq_value": 1.2823112567929287,
  "parameters": {
    "edgeThresh1": 3.7661688734546033,
    "simThresh1": 0.6511696837809036,
    "pixelRatio1": 0.07605500008487659,
    "edgeThresh2": 1.4471054042270737,
    "simThresh2": 0.7719396659192744,
    "pixelRatio2": 0.09106486203537663,
    "ransac_weight_q": 4.589813392222242,
    "ransac_weight_qg": 17.38286734725093
  },
  "cvar": 0.41172440314947656,
  "score": 0.8184863860439929,
  "w_idx": 6,
  "image_idx": 3,
  "n_w": 15
}