{
  "iteration": 48,
  "acq_function": "BoRisk-KG",
  "acq_value": 1.3027303902505767,
  "parameters": {
    "edgeThresh1": -11.95998516958314,
    "simThresh1": 0.7937286463110799,
    "pixelRatio1": 0.02727504533127894,
    "edgeThresh2": -5.502188100178408,
    "simThresh2": 0.5722241184123161,
    "pixelRatio2": 0.082191015294555,
    "ransac_weight_q": 16.115670429502764,
    "ransac_weight_qg": 19.07203181691198
  },
  "cvar": 0.47088023246801747,
  "score": 0.5792318524045955,
  "w_idx": 14,
  "image_idx": 81,
  "n_w": 15
}