{
  "iteration": 126,
  "acq_function": "BoRisk-KG",
  "acq_value": 1.0778494098508027,
  "parameters": {
    "edgeThresh1": 4.428591339256659,
    "simThresh1": 0.7176263041714994,
    "pixelRatio1": 0.115036210772723,
    "edgeThresh2": -19.355590808497833,
    "simThresh2": 0.648311450899256,
    "pixelRatio2": 0.06328501907933975,
    "ransac_weight_q": 12.513820336105356,
    "ransac_weight_qg": 4.4273842207783485
  },
  "cvar": 0.4785366062064719,
  "score": 0.4054679605296824,
  "w_idx": 5,
  "image_idx": 16,
  "n_w": 15
}