{
  "iteration": 8,
  "acq_function": "BoRisk-KG",
  "acq_value": 1.2076277032202047,
  "parameters": {
    "edgeThresh1": 4.96803985279935,
    "simThresh1": 0.885609919836984,
    "pixelRatio1": 0.09951440189114828,
    "edgeThresh2": -13.341164376048132,
    "simThresh2": 0.9494628952826556,
    "pixelRatio2": 0.034416676256446524,
    "ransac_weight_q": 11.781961083940326,
    "ransac_weight_qg": 10.020038889628879
  },
  "cvar": 0.5442334633780624,
  "score": 0.5658857186160734,
  "w_idx": 6,
  "image_idx": 34,
  "n_w": 15
}