{
  "iteration": 60,
  "acq_function": "BoRisk-KG",
  "acq_value": 1.295387766718802,
  "parameters": {
    "edgeThresh1": -11.85238404964149,
    "simThresh1": 0.5299857754844987,
    "pixelRatio1": 0.045524157007828726,
    "edgeThresh2": -18.03022499871484,
    "simThresh2": 0.878678106090508,
    "pixelRatio2": 0.1380268186964101,
    "ransac_weight_q": 1.4743863407623565,
    "ransac_weight_qg": 14.915897533753393
  },
  "cvar": 0.467560288863892,
  "score": 0.49107382129881616,
  "w_idx": 11,
  "image_idx": 55,
  "n_w": 15
}