{
  "iteration": 33,
  "acq_function": "BoRisk-KG",
  "acq_value": 1.2106495793878684,
  "parameters": {
    "edgeThresh1": -5.459073951753229,
    "simThresh1": 0.8425832494223227,
    "pixelRatio1": 0.09530780884283607,
    "edgeThresh2": -16.845386302851008,
    "simThresh2": 0.6249411743219262,
    "pixelRatio2": 0.020101669424552486,
    "ransac_weight_q": 18.05319698548335,
    "ransac_weight_qg": 19.1027387218952
  },
  "cvar": 0.4710305094510074,
  "score": 0.4546281752155215,
  "w_idx": 5,
  "image_idx": 39,
  "n_w": 15
}