{
  "iteration": 113,
  "acq_function": "BoRisk-KG",
  "acq_value": 1.1764794408799073,
  "parameters": {
    "edgeThresh1": -11.162825949704414,
    "simThresh1": 0.8051827008622798,
    "pixelRatio1": 0.03299032867810618,
    "edgeThresh2": -19.68472885716878,
    "simThresh2": 0.7363316876830767,
    "pixelRatio2": 0.012226146409862823,
    "ransac_weight_q": 1.402897567531343,
    "ransac_weight_qg": 1.6959068645614934
  },
  "cvar": 0.47659015328674564,
  "score": 0.32145144839813544,
  "w_idx": 6,
  "image_idx": 99,
  "n_w": 15
}