{
  "iteration": 105,
  "acq_function": "BoRisk-KG",
  "acq_value": 1.1925859451384277,
  "parameters": {
    "edgeThresh1": -9.002801416881733,
    "simThresh1": 0.6451416342394529,
    "pixelRatio1": 0.09687892555639736,
    "edgeThresh2": 6.146150998807091,
    "simThresh2": 0.5178040754692552,
    "pixelRatio2": 0.018652868531944474,
    "ransac_weight_q": 10.401794118969482,
    "ransac_weight_qg": 6.5009516268407905
  },
  "cvar": 0.47778808170744885,
  "score": 0.44296479186525634,
  "w_idx": 0,
  "image_idx": 48,
  "n_w": 15
}