{
  "iteration": 71,
  "acq_function": "BoRisk-KG",
  "acq_value": 1.275458623004055,
  "parameters": {
    "edgeThresh1": -17.838204906422867,
    "simThresh1": 0.9141906117441173,
    "pixelRatio1": 0.07752614863959133,
    "edgeThresh2": -5.334196671555521,
    "simThresh2": 0.7575396552652239,
    "pixelRatio2": 0.1366861367914542,
    "ransac_weight_q": 1.4000047959931463,
    "ransac_weight_qg": 4.464720405354022
  },
  "cvar": 0.47436023357486323,
  "score": 0.4162105830780398,
  "w_idx": 7,
  "image_idx": 60,
  "n_w": 15
}