{
  "iteration": 18,
  "acq_function": "BoRisk-KG",
  "acq_value": 1.268233929980714,
  "parameters": {
    "edgeThresh1": 2.275202004099782,
    "simThresh1": 0.6385257666994961,
    "pixelRatio1": 0.014322463318610743,
    "edgeThresh2": -14.945265037771362,
    "simThresh2": 0.7506166185672508,
    "pixelRatio2": 0.025571321392623827,
    "ransac_weight_q": 19.46232501198825,
    "ransac_weight_qg": 10.775985124149114
  },
  "cvar": 0.5332598018109954,
  "score": 0.5370210963150753,
  "w_idx": 5,
  "image_idx": 6,
  "n_w": 15
}