{
  "iteration": 94,
  "acq_function": "BoRisk-KG",
  "acq_value": 1.1249267955689146,
  "parameters": {
    "edgeThresh1": -1.3738353969670278,
    "simThresh1": 0.5099680317418502,
    "pixelRatio1": 0.04156204072115668,
    "edgeThresh2": -8.495928758209626,
    "simThresh2": 0.7238657424017995,
    "pixelRatio2": 0.029728138892210397,
    "ransac_weight_q": 16.476533132396973,
    "ransac_weight_qg": 13.517634361738693
  },
  "cvar": 0.47715968090271127,
  "score": 0.42626922689147256,
  "w_idx": 13,
  "image_idx": 32,
  "n_w": 15
}