{
  "iteration": 141,
  "acq_function": "BoRisk-KG",
  "acq_value": 1.081064794684512,
  "parameters": {
    "edgeThresh1": -2.2091155212985853,
    "simThresh1": 0.7225309725597765,
    "pixelRatio1": 0.03040876241546813,
    "edgeThresh2": -6.328730784155592,
    "simThresh2": 0.9488577343894052,
    "pixelRatio2": 0.022055606829412554,
    "ransac_weight_q": 15.376171093208859,
    "ransac_weight_qg": 18.46603748810048
  },
  "cvar": 0.4785954792793703,
  "score": 0.4053389885093132,
  "w_idx": 6,
  "image_idx": 60,
  "n_w": 15
}