{
  "iteration": 47,
  "acq_function": "BoRisk-KG",
  "acq_value": 1.113698196023671,
  "parameters": {
    "edgeThresh1": -10.061263400025538,
    "simThresh1": 0.6495246891024754,
    "pixelRatio1": 0.1261136730755058,
    "edgeThresh2": -18.799940502267813,
    "simThresh2": 0.687134480373949,
    "pixelRatio2": 0.08262950883070706,
    "ransac_weight_q": 16.10497700501918,
    "ransac_weight_qg": 11.306450171950596
  },
  "cvar": 0.469964761854494,
  "score": 0.5765281705275633,
  "w_idx": 13,
  "image_idx": 53,
  "n_w": 15
}