{
  "iteration": 4,
  "acq_function": "BoRisk-KG",
  "acq_value": 1.3885211360897458,
  "parameters": {
    "edgeThresh1": -16.093626536213467,
    "simThresh1": 0.7472734321491558,
    "pixelRatio1": 0.13986778926362628,
    "edgeThresh2": -6.815727995379209,
    "simThresh2": 0.9555283757182741,
    "pixelRatio2": 0.0681933001698018,
    "ransac_weight_q": 8.645497510821382,
    "ransac_weight_qg": 19.972159879806718
  },
  "cvar": 0.5443887782778969,
  "score": 0.4276127629903363,
  "w_idx": 4,
  "image_idx": 50,
  "n_w": 5
}