{
  "iteration": 3,
  "acq_function": "BoRisk-KG",
  "acq_value": 1.2346602834054206,
  "parameters": {
    "edgeThresh1": -14.094199471566034,
    "simThresh1": 0.5115983409114868,
    "pixelRatio1": 0.10730379461182545,
    "edgeThresh2": -16.664701276616576,
    "simThresh2": 0.7809846131373066,
    "pixelRatio2": 0.07374489429521276,
    "ransac_weight_q": 11.842890560704404,
    "ransac_weight_qg": 17.739275702129646
  },
  "cvar": 0.4970078503162331,
  "score": 0.5692739487786521,
  "w_idx": 2,
  "image_idx": 8,
  "n_w": 5
}