{
  "iteration": 68,
  "acq_function": "BoRisk-KG",
  "acq_value": 0.0,
  "parameters": {
    "edgeThresh1": -8.297337375873873,
    "simThresh1": 0.875085625068723,
    "pixelRatio1": 0.0753471566703021,
    "edgeThresh2": -17.46308627338878,
    "simThresh2": 0.7656420612620581,
    "pixelRatio2": 0.1260768456858467,
    "ransac_weight_q": 11.991191116105812,
    "ransac_weight_qg": 14.197026511396349
  },
  "cvar": 0.021889319788613,
  "score": 0.0,
  "w_idx": 0,
  "image_idx": 279,
  "n_w": 15
}