{
  "iteration": 33,
  "acq_function": "BoRisk-KG",
  "acq_value": 1.237540259469284,
  "parameters": {
    "edgeThresh1": -6.047297300105349,
    "simThresh1": 0.7069475624274356,
    "pixelRatio1": 0.13509831941327766,
    "edgeThresh2": -1.9075982019598712,
    "simThresh2": 0.7711727563502486,
    "pixelRatio2": 0.12631159981034537,
    "ransac_weight_q": 14.666023634652367,
    "ransac_weight_qg": 16.848618257340483
  },
  "cvar": 0.01230766815475548,
  "score": 0.0,
  "w_idx": 2,
  "image_idx": 279,
  "n_w": 15
}