{
  "iteration": 4,
  "acq_function": "BoRisk-KG",
  "acq_value": 1.2741877194881224,
  "parameters": {
    "edgeThresh1": -10.94679232913225,
    "simThresh1": 0.7250581880942901,
    "pixelRatio1": 0.028211995640061625,
    "edgeThresh2": -12.888013139355794,
    "simThresh2": 0.5294852272755771,
    "pixelRatio2": 0.01686910093427698,
    "ransac_weight_q": 5.688013912843608,
    "ransac_weight_qg": 3.348679335718902
  },
  "cvar": 0.4966928302644268,
  "score": 0.0,
  "w_idx": 4,
  "image_idx": 279,
  "n_w": 15
}