{
  "iteration": 1,
  "acq_function": "BoRisk-KG",
  "acq_value": 1.335987610514168,
  "parameters": {
    "edgeThresh1": 4.056392276816368,
    "simThresh1": 0.5827533979033527,
    "pixelRatio1": 0.10267881859162736,
    "edgeThresh2": -15.402345509840796,
    "simThresh2": 0.7330442317935264,
    "pixelRatio2": 0.10234289101704014,
    "ransac_weight_q": 6.74302345914755,
    "ransac_weight_qg": 4.846681331911013
  },
  "cvar": 0.008443697871289998,
  "score": 0.0,
  "w_idx": 11,
  "image_idx": 279,
  "n_w": 15
}