{
  "iteration": 65,
  "acq_function": "BoRisk-KG",
  "acq_value": 0.0,
  "parameters": {
    "edgeThresh1": -15.665639256670058,
    "simThresh1": 0.5034884496701711,
    "pixelRatio1": 0.020900001972705723,
    "edgeThresh2": -14.825804399407684,
    "simThresh2": 0.6788279304601598,
    "pixelRatio2": 0.09921163354391237,
    "ransac_weight_q": 14.901353393879262,
    "ransac_weight_qg": 17.562932436508255
  },
  "cvar": 0.5282205097588033,
  "score": 0.0,
  "w_idx": 0,
  "image_idx": 279,
  "n_w": 15
}