{
  "iteration": 32,
  "acq_function": "BoRisk-KG",
  "acq_value": 1.2787551136467186,
  "parameters": {
    "edgeThresh1": -18.741467234396257,
    "simThresh1": 0.6985560391860017,
    "pixelRatio1": 0.11944805942726518,
    "edgeThresh2": 1.8083669589360447,
    "simThresh2": 0.7636225267866275,
    "pixelRatio2": 0.11713670001153317,
    "ransac_weight_q": 8.44545425599333,
    "ransac_weight_qg": 18.049542541707915
  },
  "cvar": 0.4747272066241278,
  "score": 0.0,
  "w_idx": 10,
  "image_idx": 279,
  "n_w": 15
}