{
  "iteration": 47,
  "acq_function": "BoRisk-KG",
  "acq_value": 0.4986761312347854,
  "parameters": {
    "edgeThresh1": -15.404061129776244,
    "simThresh1": 0.6180186848009785,
    "pixelRatio1": 0.02043455204784851,
    "edgeThresh2": -14.515618078779884,
    "simThresh2": 0.520529738434854,
    "pixelRatio2": 0.02056348966866224,
    "ransac_weight_q": 14.40848684980922,
    "ransac_weight_qg": 12.11592034705893
  },
  "cvar": 0.012386458088440896,
  "score": 0.8048224975697735,
  "w_idx": 4,
  "image_idx": 37,
  "n_w": 15
}