{
  "iteration": 26,
  "acq_function": "BoRisk-KG",
  "acq_value": 1.3239732261677812,
  "parameters": {
    "edgeThresh1": -17.85645480626432,
    "simThresh1": 0.5837300358029639,
    "pixelRatio1": 0.08232836631481205,
    "edgeThresh2": -5.924115272904302,
    "simThresh2": 0.6696071171035229,
    "pixelRatio2": 0.013248369951357596,
    "ransac_weight_q": 12.469677701750737,
    "ransac_weight_qg": 18.02189146762211
  },
  "cvar": 0.4808588694845659,
  "score": 0.8013585356256226,
  "w_idx": 0,
  "image_idx": 37,
  "n_w": 15
}