{
  "iteration": 51,
  "acq_function": "BoRisk-KG",
  "acq_value": 0.5175686008464284,
  "parameters": {
    "edgeThresh1": -1.8648132820274448,
    "simThresh1": 0.5321647602465204,
    "pixelRatio1": 0.12157692800036841,
    "edgeThresh2": -20.32646577605293,
    "simThresh2": 0.5373013282135608,
    "pixelRatio2": 0.05291894670273627,
    "ransac_weight_q": 10.686844203652848,
    "ransac_weight_qg": 10.575008251272488
  },
  "cvar": 0.025312942048703962,
  "score": 0.8299957784081866,
  "w_idx": 3,
  "image_idx": 37,
  "n_w": 15
}