{
  "iteration": 9,
  "acq_function": "BoRisk-KG",
  "acq_value": 1.2590267069431884,
  "parameters": {
    "edgeThresh1": 0.6117954766714107,
    "simThresh1": 0.8732061912495062,
    "pixelRatio1": 0.02159781081561651,
    "edgeThresh2": -0.15061015734791994,
    "simThresh2": 0.7904531509167381,
    "pixelRatio2": 0.12639613367344943,
    "ransac_weight_q": 16.98369742208343,
    "ransac_weight_qg": 15.965497277830655
  },
  "cvar": 0.4852873663821139,
  "score": 0.0,
  "w_idx": 14,
  "image_idx": 279,
  "n_w": 15
}