{
  "iteration": 69,
  "acq_function": "BoRisk-KG",
  "acq_value": 0.0,
  "parameters": {
    "edgeThresh1": -12.85067003046763,
    "simThresh1": 0.5851537572008106,
    "pixelRatio1": 0.034325040587436545,
    "edgeThresh2": -7.189978117098752,
    "simThresh2": 0.8094721089566874,
    "pixelRatio2": 0.08270316715473275,
    "ransac_weight_q": 13.849936955077458,
    "ransac_weight_qg": 8.557750811972998
  },
  "cvar": 0.5052525028362704,
  "score": 0.6679841259201634,
  "w_idx": 0,
  "image_idx": 5,
  "n_w": 15
}