{
  "iteration": 50,
  "acq_function": "BoRisk-KG",
  "acq_value": 0.5749782744084573,
  "parameters": {
    "edgeThresh1": -5.1017587056484714,
    "simThresh1": 0.8477523450074507,
    "pixelRatio1": 0.05763717333443281,
    "edgeThresh2": -19.888749214895228,
    "simThresh2": 0.6451746859681883,
    "pixelRatio2": 0.029955220362057423,
    "ransac_weight_q": 7.267041838599599,
    "ransac_weight_qg": 1.8970191821487992
  },
  "cvar": 0.013434766064976275,
  "score": 0.7360971519247188,
  "w_idx": 13,
  "image_idx": 52,
  "n_w": 15
}