{
  "iteration": 19,
  "acq_function": "BoRisk-KG",
  "acq_value": 1.2349576671734925,
  "parameters": {
    "edgeThresh1": -4.418275307072562,
    "simThresh1": 0.5763097726171775,
    "pixelRatio1": 0.14448158741150965,
    "edgeThresh2": -9.59269712207215,
    "simThresh2": 0.5864427434443776,
    "pixelRatio2": 0.10888939215215551,
    "ransac_weight_q": 16.29817485572834,
    "ransac_weight_qg": 6.575624415481268
  },
  "cvar": 0.47358936432749954,
  "score": 0.0,
  "w_idx": 1,
  "image_idx": 279,
  "n_w": 15
}