{
  "iteration": 57,
  "acq_function": "BoRisk-KG",
  "acq_value": 0.5821413119167388,
  "parameters": {
    "edgeThresh1": 2.7884547038301974,
    "simThresh1": 0.9834577956737041,
    "pixelRatio1": 0.05168940585946768,
    "edgeThresh2": 5.388358659154768,
    "simThresh2": 0.5265081956629191,
    "pixelRatio2": 0.12777980852900991,
    "ransac_weight_q": 3.221768359040467,
    "ransac_weight_qg": 17.69340871537595
  },
  "cvar": 0.016125451982857683,
  "score": 0.7874831874382671,
  "w_idx": 14,
  "image_idx": 48,
  "n_w": 15
}