{
  "iteration": 66,
  "acq_function": "BoRisk-KG",
  "acq_value": 0.0,
  "parameters": {
    "edgeThresh1": -0.5232220658781905,
    "simThresh1": 0.8404477350576139,
    "pixelRatio1": 0.06643552430397404,
    "edgeThresh2": -7.358669009341277,
    "simThresh2": 0.586564150728607,
    "pixelRatio2": 0.08835360998058471,
    "ransac_weight_q": 12.095599226227668,
    "ransac_weight_qg": 12.757407036853829
  },
  "cvar": 0.01709241439687821,
  "score": 0.0,
  "w_idx": 0,
  "image_idx": 286,
  "n_w": 15
}