{
  "iteration": 6,
  "acq_function": "BoRisk-KG",
  "acq_value": 1.2849018452307228,
  "parameters": {
    "edgeThresh1": -11.1578297660916,
    "simThresh1": 0.6248526343230179,
    "pixelRatio1": 0.09642874993780993,
    "edgeThresh2": -17.64966560745982,
    "simThresh2": 0.5136786861919957,
    "pixelRatio2": 0.026924517684305656,
    "ransac_weight_q": 5.181075413205766,
    "ransac_weight_qg": 13.65672030710955
  },
  "cvar": 0.494022575878313,
  "score": 0.0,
  "w_idx": 6,
  "image_idx": 286,
  "n_w": 15
}