{
  "iteration": 31,
  "acq_function": "BoRisk-KG",
  "acq_value": 1.2506185749057461,
  "parameters": {
    "edgeThresh1": 2.1929834695615966,
    "simThresh1": 0.7444187480052028,
    "pixelRatio1": 0.043605764915029724,
    "edgeThresh2": -22.602760985386862,
    "simThresh2": 0.9538938899911173,
    "pixelRatio2": 0.059787610143877824,
    "ransac_weight_q": 1.6479887639638804,
    "ransac_weight_qg": 4.38918790888224
  },
  "cvar": 0.4837214413711335,
  "score": 0.754699203107813,
  "w_idx": 0,
  "image_idx": 9,
  "n_w": 15
}