{
  "iteration": 5,
  "train_X_full": [
    [
      -2.8644620180130005,
      0.7234159779548646,
      0.012842859625816345,
      -12.06307190656662,
      0.7037561091780662,
      0.125181165933609,
      4.2971865981817245,
      3.150759682059288,
      0.007237144117246519,
      0.0,
      0.8580273612713059,
      0.07600767650027639,
      0.8479846469994472,
      0.018131878364090734
    ],
    [
      -2.8644620180130005,
      0.7234159779548646,
      0.012842859625816345,
      -12.06307190656662,
      0.7037561091780662,
      0.125181165933609,
      4.2971865981817245,
      3.150759682059288,
      0.12793289973941646,
      0.0,
      0.8246250774274851,
      0.14473201563057211,
      0.7105359687388557,
      0.023413834556153614
    ],
    [
      -2.8644620180130005,
      0.7234159779548646,
      0.012842859625816345,
      -12.06307190656662,
      0.7037561091780662,
      0.125181165933609,
      4.2971865981817245,
      3.150759682059288,
      0.0867286169461231,
      0.0,
      0.9225307974496988,
      0.06647394314820128,
      0.8670521137035975,
      0.015592824207569737
    ],
    [
      -14.833575665950775,
      0.7746988105773926,
      0.09264454007148741,
      1.4205617904663086,
      0.8907732546329499,
      0.011628557331860065,
      15.608270585536957,
      17.486887395381927,
      0.007803695022313706,
      0.0039215686274509665,
      0.9364527265154428,
      0.02328399448918531,
      0.9534320110216293,
      0.010311875907770517
    ],
    [
      -14.833575665950775,
      0.7746988105773926,
      0.09264454007148741,
      1.4205617904663086,
      0.8907732546329499,
      0.011628557331860065,
      15.608270585536957,
      17.486887395381927,
      0.02036455496550471,
      0.0039215686274509665,
      0.8948187662864711,
      0.09219535805415556,
      0.8156092838916889,
      0.01911244072792516
    ],
    [
      -14.833575665950775,
      0.7746988105773926,
      0.09264454007148741,
      1.4205617904663086,
      0.8907732546329499,
      0.011628557331860065,
      15.608270585536957,
      17.486887395381927,
      0.06510040036809761,
      0.0,
      0.9202513589858601,
      0.03707624720945777,
      0.9258475055810844,
      0.013095454072151735
    ],
    [
      -16.352212011814117,
      0.5330407898128032,
      0.06955034911632538,
      -18.660530030727386,
      0.8402865850925445,
      0.06402337431907654,
      9.200834393501282,
      13.472751080989838,
      0.0025901300669113336,
      0.015686274509803977,
      0.8790145483574694,
      0.08071061786866894,
      0.8385787642626621,
      0.019030687983254305
    ],
    [
      -16.352212011814117,
      0.5330407898128032,
      0.06955034911632538,
      -18.660530030727386,
      0.8402865850925445,
      0.06402337431907654,
      9.200834393501282,
      13.472751080989838,
      0.12793289973941646,
      0.0,
      0.8246250774274851,
      0.14473201563057211,
      0.7105359687388557,
      0.023413834556153614
    ],
    [
      -16.352212011814117,
      0.5330407898128032,
      0.06955034911632538,
      -18.660530030727386,
      0.8402865850925445,
      0.06402337431907654,
      9.200834393501282,
      13.472751080989838,
      0.005359075229228738,
      0.0,
      0.9126604617882011,
      0.059504835375388844,
      0.8809903292492223,
      0.0142055873275236
    ],
    [
      2.1693397760391235,
      0.9488341337442399,
      0.14933670878410338,
      -3.2904504537582397,
      0.5451240139454603,
      0.10771697282791136,
      11.001499772071838,
      8.928896218538284,
      0.11421093779202174,
      0.007843137254901933,
      0.852448911209364,
      0.08887603704931575,
      0.8222479259013685,
      0.019719418813276945
    ],
    [
      2.1693397760391235,
      0.9488341337442399,
      0.14933670878410338,
      -3.2904504537582397,
      0.5451240139454603,
      0.10771697282791136,
      11.001499772071838,
      8.928896218538284,
      0.022132212249261762,
      0.0,
      0.8314467058609936,
      0.13878254957234948,
      0.722434900855301,
      0.024344986837327522
    ],
    [
      2.1693397760391235,
      0.9488341337442399,
      0.14933670878410338,
      -3.2904504537582397,
      0.5451240139454603,
      0.10771697282791136,
      11.001499772071838,
      8.928896218538284,
      0.1320291346673388,
      0.007843137254901933,
      0.8459793775898159,
      0.10834457733224856,
      0.7833108453355029,
      0.021404357698961936
    ],
    [
      6.441125988960266,
      0.6100927796959877,
      0.09822613477706908,
      -7.474984407424927,
      0.5741434025764465,
      0.1353528356552124,
      7.2317889630794525,
      12.052785217761993,
      0.07609047132563196,
      0.0,
      0.8860848124652911,
      0.0631029329914073,
      0.8737941340171854,
      0.017027745738818403
    ],
    [
      6.441125988960266,
      0.6100927796959877,
      0.09822613477706908,
      -7.474984407424927,
      0.5741434025764465,
      0.1353528356552124,
      7.2317889630794525,
      12.052785217761993,
      0.16972122215197016,
      0.0,
      0.9020258634499552,
      0.08766134486128807,
      0.8246773102774239,
      0.01753506597355718
    ],
    [
      6.441125988960266,
      0.6100927796959877,
      0.09822613477706908,
      -7.474984407424927,
      0.5741434025764465,
      0.1353528356552124,
      7.2317889630794525,
      12.052785217761993,
      0.12701134944676062,
      0.0,
      0.923957532359349,
      0.03884889774721317,
      0.9223022045055737,
      0.014727892450553205
    ],
    [
      -21.480642124202284,
      0.5703502709542518,
      0.11809728982989931,
      -7.17793428358706,
      0.7979283427450152,
      0.06647701615740076,
      2.074079413350422,
      7.8234356440975334,
      0.07848734816745495,
      0.0,
      0.8843093201332821,
      0.07133186871548007,
      0.8573362625690398,
      0.01911288793839976
    ],
    [
      1.281784331887721,
      0.8746347831687655,
      0.09343405969426882,
      -6.786279695403877,
      0.8203013610002075,
      0.054195830709055585,
      3.039404401160319,
      6.829678997034952,
      0.035472124989403886,
      0.007843137254901933,
      0.9160362333931394,
      0.042534537828098344,
      0.9149309243438033,
      0.01406620784206929
    ],
    [
      2.556575609791615,
      0.5964126034609579,
      0.05121655648488563,
      -22.188617896935188,
      0.9323823014200907,
      0.053604918063993666,
      13.170674571184007,
      13.386458738461346,
      0.1320291346673388,
      0.007843137254901933,
      0.8459793775898159,
      0.10834457733224856,
      0.7833108453355029,
      0.021404357698961936
    ],
    [
      -21.906097545416316,
      0.5488794681269024,
      0.13418504837035497,
      -11.628766248686237,
      0.6271714946857669,
      0.041868503969820045,
      10.434976062237707,
      4.641638722737205,
      0.04254627663697386,
      0.0,
      0.9088741910162758,
      0.04736583101220117,
      0.9052683379755977,
      0.014009201856123714
    ],
    [
      -6.998022268340783,
      0.77014520165271,
      0.05324904759159194,
      -5.852510608752937,
      0.9118962556743225,
      0.025412197873307035,
      4.8151841462831495,
      1.202077218942746,
      0.23260394665955464,
      0.015686274509803977,
      0.9058521829210987,
      0.03459524847839971,
      0.9308095030432005,
      0.012712892210261012
    ]
  ],