{
  "iteration": 5,
  "acq_function": "BoRisk-KG",
  "acq_value": 0.8270616723453503,
  "parameters": {
    "edgeThresh1": -6.998022268340783,
    "simThresh1": 0.77014520165271,
    "pixelRatio1": 0.05324904759159194,
    "edgeThresh2": -5.852510608752937,
    "simThresh2": 0.9118962556743225,
    "pixelRatio2": 0.025412197873307035,
    "ransac_weight_q": 4.8151841462831495,
    "ransac_weight_qg": 1.202077218942746
  },
  "cvar": 0.5803834191590644,
  "score": 0.30958339661133966,
  "w_idx": 0,
  "image_idx": 16,
  "n_w": 3
}