{
  "iteration": 6,
  "acq_function": "BoRisk-KG",
  "acq_value": 1.1637852307774754,
  "parameters": {
    "edgeThresh1": -19.04352701814282,
    "simThresh1": 0.5115798717327376,
    "pixelRatio1": 0.04617242235600388,
    "edgeThresh2": -2.925433989161043,
    "simThresh2": 0.7147510678756319,
    "pixelRatio2": 0.03783387461692847,
    "ransac_weight_q": 14.462753806731218,
    "ransac_weight_qg": 2.3223445683595947
  },
  "cvar": 0.39760352599424603,
  "score": 0.39760352599424603,
  "w_idx": 1,
  "image_idx": 49,
  "n_w": 5
}