{
  "iteration": 10,
  "acq_function": "BoRisk-KG",
  "acq_value": 1.2726179817473997,
  "parameters": {
    "edgeThresh1": -22.74546217664084,
    "simThresh1": 0.8190252775231475,
    "pixelRatio1": 0.08725882878991006,
    "edgeThresh2": -15.805296838901194,
    "simThresh2": 0.7062345182629269,
    "pixelRatio2": 0.12078561642835409,
    "ransac_weight_q": 10.802728983939533,
    "ransac_weight_qg": 13.405983531129554
  },
  "cvar": 0.7578935384978007,
  "score": 0.7578935384978007,
  "w_idx": 4,
  "image_idx": 5,
  "n_w": 5
}