{
  "iteration": 30,
  "acq_function": "BoRisk-KG",
  "acq_value": 0.14392859899619506,
  "parameters": {
    "edgeThresh1": 5.90510126456396,
    "simThresh1": 0.6620926642945769,
    "pixelRatio1": 0.026818536769310813,
    "edgeThresh2": 6.434228681920956,
    "simThresh2": 0.8822158640367509,
    "pixelRatio2": 0.060804230308134304,
    "ransac_weight_q": 8.924660496665,
    "ransac_weight_qg": 3.5024497373306995
  },
  "cvar": 0.7308575876153839,
  "score": 0.8967645409561927,
  "w_idx": 5,
  "image_idx": 37,
  "n_w": 15
}