{
  "iteration": 79,
  "acq_function": "BoRisk-KG",
  "acq_value": 0.1604385886144343,
  "parameters": {
    "edgeThresh1": 6.855642750893267,
    "simThresh1": 0.5399531648351034,
    "pixelRatio1": 0.022784075497194488,
    "edgeThresh2": 0.28171102522509983,
    "simThresh2": 0.8406393838532286,
    "pixelRatio2": 0.02997271563551151,
    "ransac_weight_q": 6.151448173172761,
    "ransac_weight_qg": 13.274833983919137
  },
  "cvar": 0.7618520019700099,
  "score": 0.9362758469317892,
  "w_idx": 6,
  "image_idx": 11,
  "n_w": 20
}