{
  "iteration": 48,
  "acq_function": "BoRisk-KG",
  "acq_value": 0.14319999408782375,
  "parameters": {
    "edgeThresh1": -3.0597279653560214,
    "simThresh1": 0.5370717916265787,
    "pixelRatio1": 0.07434522457940416,
    "edgeThresh2": 1.2374700580188573,
    "simThresh2": 0.7431208133767528,
    "pixelRatio2": 0.07886539701201134,
    "ransac_weight_q": 4.178549738962518,
    "ransac_weight_qg": 19.232779593354802
  },
  "cvar": 0.746258310000138,
  "score": 0.9039788449346073,
  "w_idx": 6,
  "image_idx": 37,
  "n_w": 15
}