{
  "iteration": 91,
  "acq_function": "BoRisk-KG",
  "acq_value": 0.06141846584657038,
  "parameters": {
    "edgeThresh1": -21.602183370676155,
    "simThresh1": 0.5316597101551463,
    "pixelRatio1": 0.07396348906838293,
    "edgeThresh2": -18.465729133703213,
    "simThresh2": 0.7420607435962061,
    "pixelRatio2": 0.13752463712775115,
    "ransac_weight_q": 10.637254900713803,
    "ransac_weight_qg": 8.006191773195992
  },
  "cvar": 0.5347997567695968,
  "score": 0.8805964598597384,
  "w_idx": 4,
  "image_idx": 481,
  "n_w": 20
}