{
  "iteration": 74,
  "acq_function": "BoRisk-KG",
  "acq_value": 0.14108981292399111,
  "parameters": {
    "edgeThresh1": -4.826151357443887,
    "simThresh1": 0.6269812040559775,
    "pixelRatio1": 0.03828536033035191,
    "edgeThresh2": -2.2672210319500294,
    "simThresh2": 0.6720161295346806,
    "pixelRatio2": 0.047700770517860744,
    "ransac_weight_q": 4.729805062984415,
    "ransac_weight_qg": 16.488673142554884
  },
  "cvar": 0.7591167190494797,
  "score": 0.8971937985861683,
  "w_idx": 8,
  "image_idx": 37,
  "n_w": 20
}