{
  "iteration": 35,
  "acq_function": "BoRisk-KG",
  "acq_value": 0.14259340041157387,
  "parameters": {
    "edgeThresh1": -9.834414103577185,
    "simThresh1": 0.983168401250525,
    "pixelRatio1": 0.14273831006922005,
    "edgeThresh2": -18.586565624636737,
    "simThresh2": 0.6079885544240125,
    "pixelRatio2": 0.017720919425786085,
    "ransac_weight_q": 5.165980240146154,
    "ransac_weight_qg": 19.92555358356352
  },
  "cvar": 0.7346485312119158,
  "score": 0.9014329269075403,
  "w_idx": 4,
  "image_idx": 37,
  "n_w": 15
}