{
  "iteration": 3,
  "acq_function": "BoRisk-KG",
  "acq_value": 0.8107817684816551,
  "parameters": {
    "edgeThresh1": -20.846420338459808,
    "simThresh1": 0.6267516257357395,
    "pixelRatio1": 0.04787102536418639,
    "edgeThresh2": -6.327333373013165,
    "simThresh2": 0.8912706846280951,
    "pixelRatio2": 0.1313190300813711,
    "ransac_weight_q": 11.762684856744158,
    "ransac_weight_qg": 2.0013117057363328
  },
  "cvar": 0.6984773493074825,
  "score": 0.8985622303045231,
  "w_idx": 1,
  "image_idx": 51,
  "n_w": 15
}