{
  "iteration": 16,
  "acq_function": "BoRisk-KG",
  "acq_value": 0.18169815537392567,
  "parameters": {
    "edgeThresh1": -17.457517544426302,
    "simThresh1": 0.9343940144504783,
    "pixelRatio1": 0.03434670950325272,
    "edgeThresh2": -13.139424907721999,
    "simThresh2": 0.7773725084529179,
    "pixelRatio2": 0.10902494624168449,
    "ransac_weight_q": 19.29764056390719,
    "ransac_weight_qg": 14.3601967763494
  },
  "cvar": 0.7170341149689485,
  "score": 0.8882597141603253,
  "w_idx": 4,
  "image_idx": 37,
  "n_w": 15
}