{
  "iteration": 38,
  "acq_function": "BoRisk-KG",
  "acq_value": 0.14105010266966966,
  "parameters": {
    "edgeThresh1": -3.5287773392852735,
    "simThresh1": 0.7579958835102525,
    "pixelRatio1": 0.04418507217938104,
    "edgeThresh2": -10.857940480882725,
    "simThresh2": 0.7834571297257688,
    "pixelRatio2": 0.11444977595946518,
    "ransac_weight_q": 19.913290378234002,
    "ransac_weight_qg": 6.427423284604855
  },
  "cvar": 0.7379475476805015,
  "score": 0.8994399224802081,
  "w_idx": 5,
  "image_idx": 37,
  "n_w": 15
}