{
  "iteration": 87,
  "acq_function": "BoRisk-KG",
  "acq_value": 0.22450206240581638,
  "parameters": {
    "edgeThresh1": 3.164771444310894,
    "simThresh1": 0.8004038227120918,
    "pixelRatio1": 0.1325233247569684,
    "edgeThresh2": -4.6184496629643235,
    "simThresh2": 0.6580665528739357,
    "pixelRatio2": 0.11891487076970605,
    "ransac_weight_q": 5.409518575350833,
    "ransac_weight_qg": 3.751084983864695
  },
  "cvar": 0.5336436330158787,
  "score": 0.8669053738813177,
  "w_idx": 9,
  "image_idx": 279,
  "n_w": 20
}