{
  "iteration": 49,
  "acq_function": "BoRisk-KG",
  "acq_value": 0.15843758963065452,
  "parameters": {
    "edgeThresh1": 3.0270804264676308,
    "simThresh1": 0.5566259763350949,
    "pixelRatio1": 0.012090940643505245,
    "edgeThresh2": -0.6396523694060257,
    "simThresh2": 0.9020069580998789,
    "pixelRatio2": 0.14737586224148808,
    "ransac_weight_q": 4.438989079186081,
    "ransac_weight_qg": 13.848184966594177
  },
  "cvar": 0.7464582403418987,
  "score": 0.7725400447537482,
  "w_idx": 4,
  "image_idx": 526,
  "n_w": 15
}