{
  "iteration": 64,
  "acq_function": "BoRisk-KG",
  "acq_value": 0.15080541219441962,
  "parameters": {
    "edgeThresh1": -20.797388839435268,
    "simThresh1": 0.9118431299352099,
    "pixelRatio1": 0.1128242367997209,
    "edgeThresh2": -7.138998955933895,
    "simThresh2": 0.7617105787813914,
    "pixelRatio2": 0.11998766503098938,
    "ransac_weight_q": 14.03253968606983,
    "ransac_weight_qg": 14.769838247552428
  },
  "cvar": 0.754875156434978,
  "score": 0.8932027966288142,
  "w_idx": 1,
  "image_idx": 37,
  "n_w": 20
}