{
  "iteration": 57,
  "acq_function": "BoRisk-KG",
  "acq_value": 0.16276761199911183,
  "parameters": {
    "edgeThresh1": -11.173251994333992,
    "simThresh1": 0.5119366611669012,
    "pixelRatio1": 0.0990830622985478,
    "edgeThresh2": -10.404707632474391,
    "simThresh2": 0.9461128183012892,
    "pixelRatio2": 0.060675617061210496,
    "ransac_weight_q": 17.17584785724677,
    "ransac_weight_qg": 2.512298329738564
  },
  "cvar": 0.7530204047781297,
  "score": 0.9050041510458453,
  "w_idx": 11,
  "image_idx": 37,
  "n_w": 20
}