{
  "iteration": 7,
  "acq_function": "BoRisk-KG",
  "acq_value": 0.7957612242897861,
  "parameters": {
    "edgeThresh1": -2.903185061590648,
    "simThresh1": 0.8958235157853653,
    "pixelRatio1": 0.09789351447986089,
    "edgeThresh2": 0.7612582523243319,
    "simThresh2": 0.5191381928212027,
    "pixelRatio2": 0.09729410107373751,
    "ransac_weight_q": 2.1738756476928875,
    "ransac_weight_qg": 1.0414590657609626
  },
  "cvar": 0.7059782624540145,
  "score": 0.9055817932654717,
  "w_idx": 7,
  "image_idx": 6,
  "n_w": 15
}