{
  "iteration": 33,
  "acq_function": "BoRisk-KG",
  "acq_value": 1.539629063878384,
  "parameters": {
    "edgeThresh1": -22.33839912396882,
    "simThresh1": 0.8284222824573917,
    "pixelRatio1": 0.09587537249546134,
    "edgeThresh2": -16.734319269039748,
    "simThresh2": 0.7080817035658981,
    "pixelRatio2": 0.0695873009260747,
    "ransac_weight_q": 13.251507305978771,
    "ransac_weight_qg": 11.507804092986124
  },
  "cvar": 0.7973868096411312,
  "score": 0.43942987780049236,
  "w_idx": 0,
  "image_idx": 26,
  "n_w": 3
}