{
  "iteration": 19,
  "acq_function": "BoRisk-KG",
  "acq_value": 1.4859744084441817,
  "parameters": {
    "edgeThresh1": 3.1927052763856807,
    "simThresh1": 0.866765183287474,
    "pixelRatio1": 0.06854844005199916,
    "edgeThresh2": -20.87433158823791,
    "simThresh2": 0.575838739115888,
    "pixelRatio2": 0.11243478348692962,
    "ransac_weight_q": 16.062508263206283,
    "ransac_weight_qg": 5.566587227395874
  },
  "cvar": 0.7672835789573076,
  "score": 0.5079380796439407,
  "w_idx": 2,
  "image_idx": 49,
  "n_w": 3
}