{
  "iteration": 16,
  "acq_function": "BoRisk-KG",
  "acq_value": 1.4716353728074623,
  "parameters": {
    "edgeThresh1": -4.817892765751083,
    "simThresh1": 0.6883026834017248,
    "pixelRatio1": 0.07999692425744767,
    "edgeThresh2": -7.357277616204822,
    "simThresh2": 0.9793756436456218,
    "pixelRatio2": 0.14337737789556282,
    "ransac_weight_q": 1.8646841521911348,
    "ransac_weight_qg": 19.80603464535282
  },
  "cvar": 0.6977859235688048,
  "score": 0.4787184288609987,
  "w_idx": 0,
  "image_idx": 13,
  "n_w": 3
}