{
  "iteration": 24,
  "acq_function": "BoRisk-KG",
  "acq_value": 1.3477980266155867,
  "parameters": {
    "edgeThresh1": -21.746405032277316,
    "simThresh1": 0.5933195318110421,
    "pixelRatio1": 0.0964776232870351,
    "edgeThresh2": -4.251343366788149,
    "simThresh2": 0.797723656237082,
    "pixelRatio2": 0.04053095822198578,
    "ransac_weight_q": 7.903584398570399,
    "ransac_weight_qg": 11.978652572581096
  },
  "cvar": 0.6832429727232868,
  "score": 0.3896496126133111,
  "w_idx": 0,
  "image_idx": 19,
  "n_w": 3
}