{
  "iteration": 21,
  "acq_function": "BoRisk-KG",
  "acq_value": 1.197598507607513,
  "parameters": {
    "edgeThresh1": -19.425214711855325,
    "simThresh1": 0.8124464483972078,
    "pixelRatio1": 0.06185781822363022,
    "edgeThresh2": -5.913847110730281,
    "simThresh2": 0.6149340301036447,
    "pixelRatio2": 0.13434075392178338,
    "ransac_weight_q": 11.328693514533606,
    "ransac_weight_qg": 13.484342650409491
  },
  "cvar": 0.5808943296507881,
  "score": 0.4192065756980725,
  "w_idx": 1,
  "image_idx": 61,
  "n_w": 3
}