{
  "iteration": 15,
  "acq_function": "BoRisk-KG",
  "acq_value": 1.3243404086538522,
  "parameters": {
    "edgeThresh1": -1.020291723149061,
    "simThresh1": 0.7236444811814277,
    "pixelRatio1": 0.05454294481425242,
    "edgeThresh2": -17.07663414398695,
    "simThresh2": 0.7771858404951054,
    "pixelRatio2": 0.09788061079022063,
    "ransac_weight_q": 15.067338883822531,
    "ransac_weight_qg": 13.542583761500333
  },
  "cvar": 0.5863411632484655,
  "score": 0.48389832534365823,
  "w_idx": 0,
  "image_idx": 97,
  "n_w": 3
}