{
  "iteration": 22,
  "acq_function": "BoRisk-KG",
  "acq_value": 1.010557601684026,
  "parameters": {
    "edgeThresh1": -11.04989483573071,
    "simThresh1": 0.9344735596290946,
    "pixelRatio1": 0.036242759837874984,
    "edgeThresh2": 5.793114153272281,
    "simThresh2": 0.8441966801023282,
    "pixelRatio2": 0.06832459586178334,
    "ransac_weight_q": 6.281202006820273,
    "ransac_weight_qg": 4.891185800256169
  },
  "cvar": 0.6817328536331618,
  "score": 0.5523705849336461,
  "w_idx": 2,
  "image_idx": 104,
  "n_w": 3
}