{
  "iteration": 5,
  "acq_function": "BoRisk-KG",
  "acq_value": 1.324364989939494,
  "parameters": {
    "edgeThresh1": -11.688556924782976,
    "simThresh1": 0.7537897375123639,
    "pixelRatio1": 0.13951703166631915,
    "edgeThresh2": -5.444450915024522,
    "simThresh2": 0.9899907514198973,
    "pixelRatio2": 0.09246017386822311,
    "ransac_weight_q": 9.804808832652178,
    "ransac_weight_qg": 16.294801187562804
  },
  "cvar": 0.2986488714209378,
  "mean_score": 0.45786984314216356,
  "n_w": 15
}