{
  "iteration": 7,
  "acq_function": "BoRisk-KG",
  "acq_value": 1.1541784749873014,
  "parameters": {
    "edgeThresh1": -0.3905766250855258,
    "simThresh1": 0.5924427639500803,
    "pixelRatio1": 0.1320785563069173,
    "edgeThresh2": -7.401698847990369,
    "simThresh2": 0.9534404735459356,
    "pixelRatio2": 0.03148874628490572,
    "ransac_weight_q": 15.719912119441153,
    "ransac_weight_qg": 17.504001130054736
  },
  "cvar": 0.38724731978367116,
  "mean_score": 0.49904512973260323,
  "n_w": 15
}