{
  "iteration": 4,
  "acq_function": "BoRisk-KG",
  "acq_value": 1.1639148542911526,
  "parameters": {
    "edgeThresh1": -8.202315329328142,
    "simThresh1": 0.5769755811106726,
    "pixelRatio1": 0.01830053885892025,
    "edgeThresh2": 5.039968672496119,
    "simThresh2": 0.6646958401209369,
    "pixelRatio2": 0.032564703674339536,
    "ransac_weight_q": 2.4135794867537332,
    "ransac_weight_qg": 16.99286726062195
  },
  "cvar": 0.38006896654799693,
  "mean_score": 0.5113519599343526,
  "n_w": 15
}