{
  "iteration": 6,
  "acq_function": "BoRisk-KG",
  "acq_value": 1.0140948633595313,
  "parameters": {
    "edgeThresh1": -22.389775952821918,
    "simThresh1": 0.7436331179216015,
    "pixelRatio1": 0.052031755085717876,
    "edgeThresh2": -12.864219262669893,
    "simThresh2": 0.9159599444407722,
    "pixelRatio2": 0.10994215163737935,
    "ransac_weight_q": 1.5333198132229424,
    "ransac_weight_qg": 10.71220553773082
  },
  "cvar": 0.2774077556326175,
  "mean_score": 0.46457434296787525,
  "n_w": 15
}