{
  "iteration": 3,
  "acq_function": "BoRisk-KG",
  "acq_value": 1.074058443386444,
  "parameters": {
    "edgeThresh1": -11.04380097113698,
    "simThresh1": 0.7845334682875564,
    "pixelRatio1": 0.1113994243548316,
    "edgeThresh2": -5.472250275805639,
    "simThresh2": 0.6255802107371226,
    "pixelRatio2": 0.14071188327374767,
    "ransac_weight_q": 19.680665837955043,
    "ransac_weight_qg": 5.702061342195992
  },
  "cvar": 0.40424694032079456,
  "mean_score": 0.5344387603501453,
  "n_w": 15
}