{
  "iteration": 2,
  "acq_function": "BoRisk-KG",
  "acq_value": 1.3549173286453087,
  "parameters": {
    "edgeThresh1": 3.5062278182405713,
    "simThresh1": 0.7301597696585633,
    "pixelRatio1": 0.05253466997097954,
    "edgeThresh2": 4.387479498445636,
    "simThresh2": 0.9148800716535671,
    "pixelRatio2": 0.05579129026401177,
    "ransac_weight_q": 17.633868487139814,
    "ransac_weight_qg": 7.591282495103152
  },
  "cvar": 0.2867164288618157,
  "mean_score": 0.4278114355650886,
  "n_w": 15
}