{
  "iteration": 1,
  "acq_function": "Simplified-CVaR-KG",
  "acq_value": 2.0690207481384277,
  "parameters": {
    "edgeThresh1": -8.95154370191527,
    "simThresh1": 0.6818147712277449,
    "pixelRatio1": 0.028624817725365112,
    "edgeThresh2": -10.132200008485293,
    "simThresh2": 0.6456947151192164,
    "pixelRatio2": 0.07150423146384635,
    "ransac_weight_q": 6.708670193096158,
    "ransac_weight_qg": 3.7942116931402836
  },
  "cvar": 0.6453728728276409,
  "mean_score": 0.8760607723523819,
  "n_w": 3
}