{
  "iteration": 1,
  "acq_function": "BoRisk-KG",
  "acq_value": 1.0372696493307485,
  "parameters": {
    "edgeThresh1": -7.937003614517705,
    "simThresh1": 0.9627115174554031,
    "pixelRatio1": 0.04641670879563544,
    "edgeThresh2": -18.744763281167707,
    "simThresh2": 0.5504965428285802,
    "pixelRatio2": 0.057716062884679155,
    "ransac_weight_q": 4.990128485728411,
    "ransac_weight_qg": 10.938782481436613
  },
  "cvar": 0.36723610392157313,
  "mean_score": 0.5283930431783346,
  "n_w": 15
}