{
  "iteration": 1,
  "acq_function": "BoRisk-KG",
  "acq_value": 1.3368857260947935,
  "parameters": {
    "edgeThresh1": -6.616297361910288,
    "simThresh1": 0.6397369609122227,
    "pixelRatio1": 0.0874638790987911,
    "edgeThresh2": 4.737757433839445,
    "simThresh2": 0.9356959416511568,
    "pixelRatio2": 0.03133351888346892,
    "ransac_weight_q": 16.378887761292113,
    "ransac_weight_qg": 12.793100990173068
  },
  "cvar": 0.24584046321746025,
  "score": 0.24584046321746025,
  "w_idx": 3,
  "image_idx": 0,
  "n_w": 5
}