{
  "iteration": 9,
  "acq_function": "BoRisk-KG",
  "acq_value": 1.2675969420919624,
  "parameters": {
    "edgeThresh1": -15.210844980229487,
    "simThresh1": 0.7721956881922083,
    "pixelRatio1": 0.023805348042161015,
    "edgeThresh2": -20.12120762668712,
    "simThresh2": 0.6005097649587543,
    "pixelRatio2": 0.07263896653138274,
    "ransac_weight_q": 14.133609119555539,
    "ransac_weight_qg": 9.340745970950916
  },
  "cvar": 0.41585379523196725,
  "score": 0.41585379523196725,
  "w_idx": 1,
  "image_idx": 18,
  "n_w": 5
}