{
  "iteration": 2,
  "acq_function": "BoRisk-KG",
  "acq_value": 0.5159441994960609,
  "parameters": {
    "edgeThresh1": 1.281784331887721,
    "simThresh1": 0.8746347831687655,
    "pixelRatio1": 0.09343405969426882,
    "edgeThresh2": -6.786279695403877,
    "simThresh2": 0.8203013610002075,
    "pixelRatio2": 0.054195830709055585,
    "ransac_weight_q": 3.039404401160319,
    "ransac_weight_qg": 6.829678997034952
  },
  "cvar": 0.5143007204028198,
  "score": 0.5985802733454416,
  "w_idx": 1,
  "image_idx": 4,
  "n_w": 3
}