{
  "iteration": 5,
  "train_X_full": [
    [
      -11.101223707199097,
      0.6216105958819389,
      0.11534329056739806,
      5.114476799964905,
      0.7609433555603027,
      0.14999645352363586,
      4.914222255349159,
      15.109498977661133,
      0.26520243825753165,
      0.0,
      0.9141595227341669,
      0.1815102521587381,
      0.88657774739246,
      0.003806389468065404
    ],
    [
      -11.101223707199097,
      0.6216105958819389,
      0.11534329056739806,
      5.114476799964905,
      0.7609433555603027,
      0.14999645352363586,
      4.914222255349159,
      15.109498977661133,
      0.6743502465915975,
      0.8881516587677725,
      0.3295434335974813,
      0.9418433558422896,
      0.08708202897268082,
      0.8409762739082742
    ],
    [
      -11.101223707199097,
      0.6216105958819389,
      0.11534329056739806,
      5.114476799964905,
      0.7609433555603027,
      0.14999645352363586,
      4.914222255349159,
      15.109498977661133,
      0.8223077321396096,
      0.9559241706161138,
      0.1893350339093433,
      0.9480744248591871,
      0.17859255431211565,
      0.8890012504930705
    ],
    [
      -11.101223707199097,
      0.6216105958819389,
      0.11534329056739806,
      5.114476799964905,
      0.7609433555603027,
      0.14999645352363586,
      4.914222255349159,
      15.109498977661133,
      0.447007750581926,
      0.0,
      0.7039029655517767,
      0.6731062873723057,
      0.5793888750080182,
      0.014313134108701449
    ],
    [
      -11.101223707199097,
      0.6216105958819389,
      0.11534329056739806,
      5.114476799964905,
      0.7609433555603027,
      0.14999645352363586,
      4.914222255349159,
      15.109498977661133,
      0.3338377420682085,
      0.0,
      0.9227429086730911,
      0.11430559498905779,
      0.9285726403048251,
      0.0031128249352346165
    ],
    [
      -2.488121271133423,
      0.8577384740114211,
      0.010977564305067062,
      -13.135011374950409,
      0.6522037902474404,
      0.012524433508515358,
      16.864169478416443,
      6.569317877292633,
      0.26520243825753165,
      0.0,
      0.9141595227341669,
      0.1815102521587381,
      0.88657774739246,
      0.003806389468065404
    ],
    [
      -2.488121271133423,
      0.8577384740114211,
      0.010977564305067062,
      -13.135011374950409,
      0.6522037902474404,
      0.012524433508515358,
      16.864169478416443,
      6.569317877292633,
      1.0,
      0.9914691943127962,
      0.5768247124048934,
      0.9439203788479221,
      0.20729417715433088,
      1.0
    ],
    [
      -2.488121271133423,
      0.8577384740114211,
      0.010977564305067062,
      -13.135011374950409,
      0.6522037902474404,
      0.012524433508515358,
      16.864169478416443,
      6.569317877292633,
      0.447007750581926,
      0.0,
      0.7039029655517767,
      0.6731062873723057,
      0.5793888750080182,
      0.014313134108701449
    ],
    [
      -2.488121271133423,
      0.8577384740114211,
      0.010977564305067062,
      -13.135011374950409,
      0.6522037902474404,
      0.012524433508515358,
      16.864169478416443,
      6.569317877292633,
      0.0,
      0.015225350803828586,
      0.9487875619981768,
      0.1095504051135509,
      0.9315440666614194,
      0.003990581518153254
    ],
    [
      -2.488121271133423,
      0.8577384740114211,
      0.010977564305067062,
      -13.135011374950409,
      0.6522037902474404,
      0.012524433508515358,
      16.864169478416443,
      6.569317877292633,
      0.3338377420682085,
      0.0,
      0.9227429086730911,
      0.11430559498905779,
      0.9285726403048251,
      0.0031128249352346165
    ],
    [
      6.633662104606628,
      0.6300434991717339,
      0.08611258983612059,
      -1.6827701330184937,
      0.5998166245222092,
      0.045824000835418696,
      8.323886454105377,
      2.439747601747513,
      0.8223077321396096,
      0.9559241706161138,
      0.1893350339093433,
      0.9480744248591871,
      0.17859255431211565,
      0.8890012504930705
    ],
    [
      6.633662104606628,
      0.6300434991717339,
      0.08611258983612059,
      -1.6827701330184937,
      0.5998166245222092,
      0.045824000835418696,
      8.323886454105377,
      2.439747601747513,
      0.447007750581926,
      0.0,
      0.7039029655517767,
      0.6731062873723057,
      0.5793888750080182,
      0.014313134108701449
    ],
    [
      6.633662104606628,
      0.6300434991717339,
      0.08611258983612059,
      -1.6827701330184937,
      0.5998166245222092,
      0.045824000835418696,
      8.323886454105377,
      2.439747601747513,
      0.6743502465915975,
      0.8881516587677725,
      0.3295434335974813,
      0.9418433558422896,
      0.08708202897268082,
      0.8409762739082742
    ],
    [
      6.633662104606628,
      0.6300434991717339,
      0.08611258983612059,
      -1.6827701330184937,
      0.5998166245222092,
      0.045824000835418696,
      8.323886454105377,
      2.439747601747513,
      0.3338377420682085,
      0.0,
      0.9227429086730911,
      0.11430559498905779,
      0.9285726403048251,
      0.0031128249352346165
    ],
    [
      6.633662104606628,
      0.6300434991717339,
      0.08611258983612059,
      -1.6827701330184937,
      0.5998166245222092,
      0.045824000835418696,
      8.323886454105377,
      2.439747601747513,
      0.26520243825753165,
      0.0,
      0.9141595227341669,
      0.1815102521587381,
      0.88657774739246,
      0.003806389468065404
    ],
    [
      -3.5682637965415047,
      0.8717710046162939,
      0.06912817152913195,
      5.139392880388282,
      0.5311793976734844,
      0.07891164684953351,
      16.536294899893466,
      19.5600190847761,
      0.447007750581926,
      0.0,
      0.7039029655517767,
      0.6731062873723057,
      0.5793888750080182,
      0.014313134108701449
    ],
    [
      -17.166606611042027,
      0.5489619821297094,
      0.14338577610803427,
      -8.645935310710758,
      0.5119950970552007,
      0.07337154728855529,
      15.020060167123313,
      1.2879503935966923,
      0.447007750581926,
      0.0,
      0.7039029655517767,
      0.6731062873723057,
      0.5793888750080182,
      0.014313134108701449
    ],
    [
      -17.52298222023296,
      0.6196363471102688,
      0.05128522093411172,
      -10.60235478831613,
      0.5038666456577648,
      0.11894032152131576,
      3.135200306785201,
      9.521502176354492,
      0.447007750581926,
      0.0,
      0.7039029655517767,
      0.6731062873723057,
      0.5793888750080182,
      0.014313134108701449
    ],
    [
      -1.3049029105388001,
      0.5749779824030327,
      0.0846829372287186,
      -21.64012034914591,
      0.8887521954310313,
      0.117214894511318,
      19.831544671185785,
      3.8371950429850683,
      0.6743502465915975,
      0.8881516587677725,
      0.3295434335974813,
      0.9418433558422896,
      0.08708202897268082,
      0.8409762739082742
    ],
    [
      -1.203116779748246,
      0.5156688557902124,
      0.0853001141648585,
      -9.614541533168381,
      0.878864164408875,
      0.07950246185876188,
      10.2666192703326,
      14.195948830726401,
      0.447007750581926,
      0.0,
      0.7039029655517767,
      0.6731062873723057,
      0.5793888750080182,
      0.014313134108701449
    ]
  ],