{
  "iteration": 40,
  "acq_function": "BoRisk-KG",
  "acq_value": 1.1686960882006727,
  "parameters": {
    "edgeThresh1": -13.918107837787888,
    "simThresh1": 0.6060988606361122,
    "pixelRatio1": 0.11108919570865977,
    "edgeThresh2": -0.17091687000384326,
    "simThresh2": 0.7975277974148542,
    "pixelRatio2": 0.05915451919941784,
    "ransac_weight_q": 15.626070077205107,
    "ransac_weight_qg": 17.905836762397414
  },
  "cvar": 0.8929737506116493,
  "score": 1.0,
  "w_idx": 7,
  "image_idx": 53,
  "n_w": 15
}