{
  "iteration": 47,
  "acq_function": "BoRisk-KG",
  "acq_value": 1.15705593779109,
  "parameters": {
    "edgeThresh1": -7.49144813638158,
    "simThresh1": 0.8702149361016858,
    "pixelRatio1": 0.04165023945919995,
    "edgeThresh2": -4.189655415067392,
    "simThresh2": 0.6604485198284743,
    "pixelRatio2": 0.08974810780244799,
    "ransac_weight_q": 17.430927616802755,
    "ransac_weight_qg": 10.755490756758292
  },
  "cvar": 0.8936476759753288,
  "score": 1.0,
  "w_idx": 12,
  "image_idx": 90,
  "n_w": 15
}