{
  "iteration": 6,
  "acq_function": "BoRisk-KG",
  "acq_value": 1.2089386459546465,
  "parameters": {
    "edgeThresh1": -0.30257972696051993,
    "simThresh1": 0.6527819795444081,
    "pixelRatio1": 0.11606127788769309,
    "edgeThresh2": -20.8130298598083,
    "simThresh2": 0.7539448872822887,
    "pixelRatio2": 0.06354625978658861,
    "ransac_weight_q": 14.419953462831984,
    "ransac_weight_qg": 10.925433380545794
  },
  "cvar": 0.8919305840250967,
  "score": 1.0,
  "w_idx": 10,
  "image_idx": 40,
  "n_w": 15
}