{
  "iteration": 38,
  "acq_function": "BoRisk-KG",
  "acq_value": 1.1367775428326807,
  "parameters": {
    "edgeThresh1": -3.2504479850359296,
    "simThresh1": 0.5637781758931885,
    "pixelRatio1": 0.05956724056524072,
    "edgeThresh2": -1.758093847366478,
    "simThresh2": 0.972561281251114,
    "pixelRatio2": 0.09093188170108397,
    "ransac_weight_q": 15.240672392785909,
    "ransac_weight_qg": 13.154279962046829
  },
  "cvar": 0.8979703551365783,
  "score": 0.9825,
  "w_idx": 14,
  "image_idx": 60,
  "n_w": 15
}