{
  "iteration": 43,
  "acq_function": "BoRisk-KG",
  "acq_value": 1.2662706341698788,
  "parameters": {
    "edgeThresh1": -8.274591877168998,
    "simThresh1": 0.8710518552966091,
    "pixelRatio1": 0.13200000409062523,
    "edgeThresh2": 5.199440686020861,
    "simThresh2": 0.6726082456873843,
    "pixelRatio2": 0.1444932675394133,
    "ransac_weight_q": 15.64591139762818,
    "ransac_weight_qg": 12.604463581383625
  },
  "cvar": 0.8883479834622461,
  "score": 0.40800000000000003,
  "w_idx": 5,
  "image_idx": 1,
  "n_w": 15
}