{
  "iteration": 10,
  "acq_function": "BoRisk-KG",
  "acq_value": 1.2936392179460392,
  "parameters": {
    "edgeThresh1": -12.433350261490995,
    "simThresh1": 0.6187164432990782,
    "pixelRatio1": 0.058709003204340596,
    "edgeThresh2": 6.887602051076872,
    "simThresh2": 0.7372684688311812,
    "pixelRatio2": 0.1421988883065033,
    "ransac_weight_q": 10.979664307043691,
    "ransac_weight_qg": 11.182023307950764
  },
  "cvar": 0.8914180445451273,
  "score": 0.412,
  "w_idx": 10,
  "image_idx": 16,
  "n_w": 15
}