{
  "iteration": 11,
  "acq_function": "BoRisk-KG",
  "acq_value": 1.3788778457128583,
  "parameters": {
    "edgeThresh1": -9.111635028747585,
    "simThresh1": 0.6382567948358769,
    "pixelRatio1": 0.06481936937700893,
    "edgeThresh2": -9.557405983126497,
    "simThresh2": 0.7526543883777586,
    "pixelRatio2": 0.016615359771253786,
    "ransac_weight_q": 13.373154537681513,
    "ransac_weight_qg": 1.4669486099432076
  },
  "cvar": 0.896770742012826,
  "score": 1.0,
  "w_idx": 1,
  "image_idx": 41,
  "n_w": 15
}