{
  "iteration": 14,
  "acq_function": "BoRisk-KG",
  "acq_value": 1.3726979565066046,
  "parameters": {
    "edgeThresh1": -12.926829435421524,
    "simThresh1": 0.8409105292626757,
    "pixelRatio1": 0.02611235568402935,
    "edgeThresh2": 5.48470690920783,
    "simThresh2": 0.5434583205915015,
    "pixelRatio2": 0.06640076427053931,
    "ransac_weight_q": 15.612630303023042,
    "ransac_weight_qg": 17.968784277777942
  },
  "cvar": 0.8949493724301313,
  "score": 1.0,
  "w_idx": 12,
  "image_idx": 60,
  "n_w": 15
}