{
  "iteration": 8,
  "acq_function": "BoRisk-KG",
  "acq_value": 1.3391693106757245,
  "parameters": {
    "edgeThresh1": -19.861396294298494,
    "simThresh1": 0.8594263829447315,
    "pixelRatio1": 0.10482499142512171,
    "edgeThresh2": 1.5921781055388529,
    "simThresh2": 0.7219239052897355,
    "pixelRatio2": 0.08685879461860363,
    "ransac_weight_q": 1.2300155673652553,
    "ransac_weight_qg": 9.814702446514419
  },
  "cvar": 0.8969607402689077,
  "score": 1.0,
  "w_idx": 8,
  "image_idx": 67,
  "n_w": 15
}