{
  "iteration": 27,
  "acq_function": "BoRisk-KG",
  "acq_value": 1.3858940997931435,
  "parameters": {
    "edgeThresh1": -15.771062206058847,
    "simThresh1": 0.8862666054290219,
    "pixelRatio1": 0.14117468235441638,
    "edgeThresh2": -16.458485230911585,
    "simThresh2": 0.7855617908422245,
    "pixelRatio2": 0.028600176577434765,
    "ransac_weight_q": 1.1728540110656853,
    "ransac_weight_qg": 15.633006797734799
  },
  "cvar": 0.9049184938078408,
  "score": 1.0,
  "w_idx": 12,
  "image_idx": 41,
  "n_w": 15
}