{
  "iteration": 5,
  "acq_function": "BoRisk-KG",
  "acq_value": 1.2126726527573406,
  "parameters": {
    "edgeThresh1": 1.8996567439544023,
    "simThresh1": 0.6470014574997297,
    "pixelRatio1": 0.14830069353415862,
    "edgeThresh2": -5.879443116695956,
    "simThresh2": 0.7301254648068449,
    "pixelRatio2": 0.02694469433764493,
    "ransac_weight_q": 1.6152903446275038,
    "ransac_weight_qg": 4.261841486966117
  },
  "cvar": 0.3245525122190718,
  "score": 0.5452147403798966,
  "w_idx": 10,
  "image_idx": 51,
  "n_w": 15
}