{
  "iteration": 7,
  "acq_function": "BoRisk-KG",
  "acq_value": 1.1743011326275186,
  "parameters": {
    "edgeThresh1": 3.9002561367622697,
    "simThresh1": 0.9591922241482054,
    "pixelRatio1": 0.06452349690430456,
    "edgeThresh2": -17.144857461752167,
    "simThresh2": 0.8959448151381779,
    "pixelRatio2": 0.10690453367241096,
    "ransac_weight_q": 18.155283823830153,
    "ransac_weight_qg": 19.268396268520462
  },
  "cvar": 0.3240130093705297,
  "score": 0.6069491988420324,
  "w_idx": 10,
  "image_idx": 37,
  "n_w": 15
}