{
  "iteration": 12,
  "acq_function": "BoRisk-KG",
  "acq_value": 1.7753745528256526,
  "parameters": {
    "edgeThresh1": -14.23730936404324,
    "simThresh1": 0.9124626749168268,
    "pixelRatio1": 0.04688316209350656,
    "edgeThresh2": -9.324634634676027,
    "simThresh2": 0.8511071836264029,
    "pixelRatio2": 0.14137545170126492,
    "ransac_weight_q": 5.507474140317107,
    "ransac_weight_qg": 17.43698804029437
  },
  "cvar": 0.8725938347441117,
  "score": 0.505,
  "w_idx": 14,
  "image_idx": 13,
  "n_w": 15
}