{
  "iteration": 7,
  "acq_function": "BoRisk-KG",
  "acq_value": 1.565830538482846,
  "parameters": {
    "edgeThresh1": 6.156612940125374,
    "simThresh1": 0.7114487404142107,
    "pixelRatio1": 0.05271987776747375,
    "edgeThresh2": -20.594007212158644,
    "simThresh2": 0.7834672020947977,
    "pixelRatio2": 0.06846112844823347,
    "ransac_weight_q": 5.572536184396855,
    "ransac_weight_qg": 14.09666991241906
  },
  "cvar": 0.8710403949354552,
  "score": 1.0,
  "w_idx": 11,
  "image_idx": 26,
  "n_w": 15
}