{
  "iteration": 1,
  "acq_function": "BoRisk-KG",
  "acq_value": 1.699875224285417,
  "parameters": {
    "edgeThresh1": -3.560087177982261,
    "simThresh1": 0.6273085483013645,
    "pixelRatio1": 0.051524157472692095,
    "edgeThresh2": -5.819509036721815,
    "simThresh2": 0.8535488739965305,
    "pixelRatio2": 0.08300728921263743,
    "ransac_weight_q": 9.850384471050882,
    "ransac_weight_qg": 10.619691363881536
  },
  "cvar": 0.8185166162614057,
  "score": 0.68,
  "w_idx": 9,
  "image_idx": 11,
  "n_w": 15
}