{
  "iteration": 2,
  "acq_function": "BoRisk-KG",
  "acq_value": 1.7410330440339676,
  "parameters": {
    "edgeThresh1": -11.26626952848286,
    "simThresh1": 0.5590446667979233,
    "pixelRatio1": 0.10911669309494978,
    "edgeThresh2": -0.6648840112928553,
    "simThresh2": 0.6847077168186959,
    "pixelRatio2": 0.13620911672867628,
    "ransac_weight_q": 6.530696281624854,
    "ransac_weight_qg": 2.036924337693244
  },
  "cvar": 0.7452264581433494,
  "score": 0.6766666666666666,
  "w_idx": 5,
  "image_idx": 23,
  "n_w": 15
}