{
  "iteration": 6,
  "acq_function": "BoRisk-KG",
  "acq_value": 1.5358380947953072,
  "parameters": {
    "edgeThresh1": -13.180478456456518,
    "simThresh1": 0.7988816596305264,
    "pixelRatio1": 0.029045281456559546,
    "edgeThresh2": -9.311785122443831,
    "simThresh2": 0.7478184165061198,
    "pixelRatio2": 0.12397290828336704,
    "ransac_weight_q": 18.671703522247345,
    "ransac_weight_qg": 16.299449446431392
  },
  "cvar": 0.8686285382100256,
  "score": 1.0,
  "w_idx": 13,
  "image_idx": 26,
  "n_w": 15
}