{
  "iteration": 14,
  "acq_function": "BoRisk-KG",
  "acq_value": 1.6484444059797636,
  "parameters": {
    "edgeThresh1": 6.97555357019673,
    "simThresh1": 0.9497508141273192,
    "pixelRatio1": 0.07194445964563893,
    "edgeThresh2": -15.49974049736329,
    "simThresh2": 0.7493863300126559,
    "pixelRatio2": 0.02170176773739859,
    "ransac_weight_q": 6.571172206121401,
    "ransac_weight_qg": 8.209789043646012
  },
  "cvar": 0.8913648026643999,
  "score": 1.0,
  "w_idx": 10,
  "image_idx": 28,
  "n_w": 15
}