{
  "iteration": 1,
  "acq_function": "BoRisk-KG",
  "acq_value": 1.2830707371296866,
  "parameters": {
    "edgeThresh1": 6.117769710254592,
    "simThresh1": 0.9862300055347171,
    "pixelRatio1": 0.04916045459376679,
    "edgeThresh2": 5.316948842394499,
    "simThresh2": 0.9676764513457947,
    "pixelRatio2": 0.08833629251329289,
    "ransac_weight_q": 3.2458369246375405,
    "ransac_weight_qg": 13.43746700610976
  },
  "cvar": 0.6952874363466746,
  "score": 0.86,
  "w_idx": 0,
  "image_idx": 4,
  "n_w": 3
}