{
  "iteration": 60,
  "cvar": 0.467560288863892,
  "score": 0.49107382129881616,
  "image_name": "WIN_20250717_14_42_21_Pro_welding_debug.png",
  "parameters": {
    "edgeThresh1": -11.85238404964149,
    "simThresh1": 0.5299857754844987,
    "pixelRatio1": 0.045524157007828726,
    "edgeThresh2": -18.03022499871484,
    "simThresh2": 0.878678106090508,
    "pixelRatio2": 0.1380268186964101,
    "ransac_weight_q": 1.4743863407623565,
    "ransac_weight_qg": 14.915897533753393
  },
  "gt_coords": {
    "longi_left_lower_x": 1211,
    "longi_left_lower_y": 1375,
    "longi_right_lower_x": 2155,
    "longi_right_lower_y": 1351,
    "longi_left_upper_x": 1193,
    "longi_left_upper_y": 931,
    "longi_right_upper_x": 2143,
    "longi_right_upper_y": 908,
    "collar_left_lower_x": 1862,
    "collar_left_lower_y": 1357,
    "collar_left_upper_x": 1851,
    "collar_left_upper_y": 956
  },
  "detected_coords": {
    "longi_left_lower_x": 1207,
    "longi_left_lower_y": 1371,
    "longi_right_lower_x": 2150,
    "longi_right_lower_y": 1344,
    "longi_left_upper_x": 1188,
    "longi_left_upper_y": 919,
    "longi_right_upper_x": 2138,
    "longi_right_upper_y": 900,
    "collar_left_lower_x": 1862,
    "collar_left_lower_y": 1364,
    "collar_left_upper_x": 1850,
    "collar_left_upper_y": 899
  }
}