{
  "iteration": 5,
  "acq_function": "BoRisk-KG",
  "acq_value": 0.268836969117425,
  "parameters": {
    "edgeThresh1": -8.330829315204744,
    "simThresh1": 0.8036408599731464,
    "pixelRatio1": 0.017088949949181274,
    "edgeThresh2": 2.0081493109306088,
    "simThresh2": 0.7379525885877968,
    "pixelRatio2": 0.06647586310764526,
    "ransac_weight_q": 8.651892901543562,
    "ransac_weight_qg": 4.806653436720442
  },
  "cvar": 0.414488481670243,
  "score": 0.414488481670243,
  "w_idx": 1,
  "image_idx": 61,
  "n_w": 3
}